Null,x1,x2,x3,x4,x5,x6,x7,y1,y2
,0.57,0.51,0.31,2.04,2.11,2.61,0.01,83.7,98
,0.38,0.31,0.35,4.48,1.35,4.79,0.06,109.9,72
,1.25,1.35,0.1,4.88,4.82,1.64,0.12,447.9,253
,1.22,0.6,0.12,2.34,1.16,0.37,0.13,95.4,113
,0.93,0.95,0.66,2.95,4.49,2.96,0.13,43.8,49
,0.13,1.16,0.21,1.77,2.85,0.47,0.05,190.9,273
,0.75,0.24,0.31,1.06,1.61,4.8,0.07,61.7,67
,0.07,1,0.26,2.26,1.87,1.02,0.04,377.4,556
,0.21,0.67,0.06,3.75,3.24,4.21,0.02,471.3,460
,0.46,1.33,0.65,0.42,4.76,2.86,0.09,298.9,153
,0.87,1.26,0.3,4.1,4.18,3.44,0.01,539.6,218
,0.14,0.1,0.56,4.57,3.99,1.43,0.11,401.9,239
,0.24,0.54,0.03,1.49,4.13,0.58,0.02,359.9,409
,1.17,0.51,0.15,4.22,1.19,3.75,0.02,151.7,158
,0.02,1.14,0.33,4.97,1.01,4.91,0.02,4365.4,2653
,0.77,1.18,0.1,0.91,0.44,2.44,0.08,140.4,145
,1.05,0.94,0.05,4.83,3.68,2.16,0.02,841,471
,0.01,0.07,0.25,0.86,2.6,0.2,0.12,1009.8,1816
,0.28,0.43,0.25,3.86,0.55,0.22,0.04,120.8,137
,0.95,1.06,0.41,3.6,1.26,3.92,0.13,91.1,62
,0.41,1.03,0.4,2.96,4.14,1.97,0.08,145.2,99
,1.09,0.98,0.39,4.45,0.08,0.72,0.07,678.5,791
,1.01,0.44,0.56,0.97,4.29,1.6,0.1,97.8,78
,1.12,0.91,0.09,2.94,2.78,3.94,0.06,146,217
,1.35,0.68,0.15,3.66,1.48,0.25,0,1431.3,1244
,0.45,1.27,0.52,0.5,0.32,2.5,0.03,215.7,222
,1.2,0.78,0.09,1.11,1.57,4.15,0.06,76.2,156
,0.97,0.28,0.61,3.06,0.02,0.78,0.03,2659.5,2316
,1.2,1.03,0.17,2.97,0.68,0.58,0.08,88.7,109
,0.97,0.99,0.09,0.5,3.03,3.67,0.11,213.6,162
,1.15,0.15,0.47,2.77,3.59,1.2,0.01,318.1,214
,0.46,0.65,0.08,2.32,1.32,2.13,0,319.7,284
,0.73,1.1,0.23,4.13,1.27,0.7,0.11,71.6,92
,0.7,0.67,0.58,4.89,2.75,1.94,0.02,103,86
,1.29,0.24,0.47,2.29,1.92,2.27,0.06,43.4,79
,1.16,0.57,0.17,2.19,1.63,2.38,0.12,55,128
,0.31,1.32,0.36,0.18,1.11,0.29,0.13,144,364
,0.31,0.98,0.63,2.04,1.87,4.13,0.12,104.5,121
,0.42,0.2,0.13,4.52,2.01,1.43,0.05,119.9,147
,0.32,0.32,0.54,1.6,2.57,4.91,0.05,82.7,97
,1.26,1.1,0.34,2.29,1.34,4.09,0.11,72.2,50
,0.73,0.61,0.49,2.74,4.01,1.74,0.09,49.5,49
,0.21,1.23,0.52,0.41,3.17,2.02,0.04,200.8,194
,1.07,1.06,0.57,4.62,0.77,0.87,0.02,118.9,100
,0.12,0.79,0.01,0.4,2.16,2.05,0.03,223,626
,0.89,0.02,0.44,1.31,0.38,0.84,0,278.5,842
,0.04,0.91,0.2,4.12,4.3,3.17,0.12,1422.1,954
,0.43,0.13,0.54,3.46,4.16,0.41,0.06,119.3,96
,0.44,1.28,0.25,2.02,0.4,1.09,0.13,92.4,128
,1.25,0.25,0.46,2.02,2.39,1.07,0.03,52,94
,0.75,1,0.36,4.77,1.61,0.43,0.13,116.5,108
,0.47,0.22,0.65,3.24,4.34,0.82,0.09,107.5,94
,0.56,1.33,0.51,3.61,2.09,2.42,0.09,82.6,93
,0.57,1.2,0.59,1.84,1.55,1.56,0.11,37.6,88
,0.18,1.14,0.59,1.56,1.17,1.76,0.11,135.2,209
,0.97,0.84,0.11,4.48,1.68,1.32,0.06,265.5,253
,0.93,0.9,0.5,0.65,1.52,4.62,0.12,75.9,86
,0.46,0.28,0.07,4.75,4.59,4.44,0.1,858.4,365
,0.77,1.19,0.52,3.96,2.49,2.1,0.12,44.1,57
,0.77,1.11,0.25,1.05,3.49,2.66,0.09,86.7,85
,0.51,0.32,0.42,3.66,0.34,4.64,0.01,329.3,193
,1.11,0.75,0.08,4.94,0.15,4.89,0.13,943.5,470
,1.29,0.7,0.2,3.95,3.73,1.01,0.05,83.9,71
,0.96,0.63,0.48,2.08,2.68,3.93,0.08,38.6,39
,0.19,1.34,0.45,4.22,4.94,1.65,0,5183.8,2625
,1.24,0.2,0.53,3.89,3.79,1.55,0.11,90.4,133
,0.91,0.78,0.46,3.83,0.32,1.57,0.12,236.2,270
,0.44,0.38,0.29,3.32,4.92,0.03,0.07,1956.9,1386
,0.63,0.15,0.52,1.86,3.04,1.32,0.02,72.8,135
,0.87,0.49,0.03,0.5,3.31,4.66,0.05,324.2,464
,0.51,1.24,0.24,0.59,0.45,2.5,0.07,124.9,173
,1.04,0.78,0.22,0.27,0.69,2.07,0.08,141.8,195
,0.12,0.75,0.38,0.85,2.04,1.38,0.1,228.4,234
,0.73,0.9,0.6,0.99,1.46,3.6,0.08,62.7,59
,1.26,0.73,0.26,0.23,1.8,1.49,0.07,224.7,344
,0.38,0.25,0.26,4.56,2.69,1.54,0.1,115.9,111
,0.45,0.41,0.51,2.86,3.9,1.09,0.09,61.5,95
,0.31,0.71,0.15,3.07,4.23,4.54,0.11,208.9,127
,0.92,0.1,0.05,3.24,2.86,3.94,0.1,567.8,303
,0.42,0.95,0.17,4.48,3.95,2.16,0.11,210.4,110
,1.04,0.56,0.51,0.46,0.18,3.39,0.1,475.4,373
,0.95,0.82,0.13,1.48,4.69,0.42,0.12,111.8,110
,0.28,1.3,0.1,0.41,1.52,4.43,0.09,168.4,157
,1.27,1.19,0.59,0.79,3.2,4.07,0.09,164,101
,0.53,0.77,0.42,1.78,2.25,2.53,0.02,61,74
,0.33,0.9,0.01,1.33,2.04,0.74,0.11,466.5,771
,1.11,0.52,0.6,2.29,2.86,4.24,0.02,115.7,81
,0.04,0.67,0.28,3.49,4.36,0.29,0.04,862.4,975
,0.38,0.17,0.67,3.2,1.46,0.37,0.07,76.2,145
,0.69,0.02,0.12,3.33,2.56,3.97,0.02,964.1,821
,0.38,0.27,0.41,4.32,1.06,0.62,0,367.2,402
,1.24,0.15,0.48,3.14,1.93,2.62,0.03,81.7,111
,0.35,0.23,0.04,1.35,4.55,0.69,0.04,88.1,350
,0.93,0.29,0.06,4.81,1.49,4.37,0.07,754.1,505
,0.82,0.42,0.03,2.98,3.47,3.94,0.1,501.3,642
,0.26,0.93,0.26,4.66,4.4,0.09,0.04,573.8,324
,0.65,1.21,0.62,0.48,1.89,1.99,0.13,140,137
,0.4,0.47,0.03,4.57,1.35,0.77,0.11,836.9,583
,1.05,0.97,0.63,4.9,0.75,4.71,0.09,191,87
,0.84,0.14,0.01,4.94,4.86,3.1,0.01,4723.5,2071
,0.45,0.6,0.06,4.62,0.8,2.51,0.1,510.7,339
,0.41,1.28,0.14,2.71,4.31,1.11,0.04,131.5,136
,0.55,1.15,0.57,4.89,4.04,2.61,0.11,83.6,80
,1.16,0.64,0.64,1.69,0.47,2.57,0.05,158.8,137
,1.07,0.12,0.18,3.04,3.02,4.15,0.08,171.2,128
,1.32,0.26,0.24,1.55,1.47,0.91,0.02,47.3,95
,1.13,1.05,0.52,3.35,1.77,2.95,0.12,51.7,45
,0.13,0.77,0.03,1.09,0.76,4.49,0.05,306.5,441
,0.48,1.23,0.48,2.66,3.7,4.17,0.01,236.3,157
,0.18,0.76,0.32,1.93,4,2.13,0.06,259.5,215
,0.17,0.09,0.06,0.12,3.85,4.36,0.06,1039.1,602
,0.25,1.13,0.31,4.23,0.75,4.41,0.1,278.5,173
,0.45,0.83,0,2.06,2.61,3.93,0.01,5089.5,3897
,1.03,0.45,0.48,1.38,3.73,4.58,0.13,89.5,59
,0.21,1.27,0.65,2.17,2.38,1.08,0.03,219.7,261
,0.64,0.12,0.22,1.47,2.99,2.11,0.07,61.3,144
,1.03,0.35,0.6,3.95,4.09,4.93,0.08,74,59
,1.22,0.8,0.58,1.8,2.02,0.21,0,988.3,954
,1.16,0.16,0.5,1.3,3.59,4.34,0.02,138.5,91
,0.6,0.25,0.13,4.13,4.67,3.8,0.05,240.6,138
,0.69,0.66,0.59,2.71,1.19,1.9,0,777.5,897
,0.86,1.2,0.27,2.76,1.31,4.78,0.06,98.5,70
,0.75,0.17,0.47,4.47,1.16,4.54,0.13,112.1,115
,0.52,1.19,0.55,0.31,2.83,0.36,0.05,204.6,271
,1.1,0.46,0.48,1.58,4.76,4.49,0.11,73.2,68
,0.07,0.49,0.23,3.01,1.72,2.24,0.05,416.7,658
,0.15,0.07,0.44,0.57,3.49,0.4,0.02,169.2,223
,0.86,0.41,0.03,2.38,0.85,1.56,0.05,421.4,893
,0.66,0.47,0.27,3.65,1.32,2.69,0.09,72.8,80
,1.29,1.24,0.25,3.33,1.51,4.2,0.12,108.9,79
,0.52,0.21,0.3,4.14,4.17,0.7,0.09,114.3,93
,1.03,1.34,0.52,4.96,3.5,0.62,0.09,93.9,64
,1.13,0.37,0.31,4.46,0.02,0.06,0.08,2047.1,2240
,0.17,1.1,0.16,3.19,1.69,2.67,0.06,317.5,307
,0.66,0.91,0.54,3.32,3.71,0.91,0.06,68,59
,1.21,0.27,0.16,2.08,1.35,2.29,0.11,77.6,100
,1.01,0.53,0.34,3.44,1.67,4.52,0.03,78.6,59
,0.8,1.32,0.29,4.56,0.14,1.24,0.13,457.1,354
,1.24,1.14,0.56,4.34,4.86,1.8,0.02,133.1,67
,0.28,1.23,0.14,0.44,0.14,4.6,0.07,613.7,562
,0.53,0.62,0.01,0.29,2.61,2.71,0.12,860.6,1755
,0.46,1.28,0.08,4.84,4.74,2.12,0.07,765.5,380
,0.36,0.61,0.52,2.58,2.99,4.15,0.1,106.4,107
,0.8,1.04,0.1,0.9,0.3,0.82,0.06,94.9,189
,0.17,0.93,0.02,1.09,2.41,4.17,0.1,494.4,366
,1.05,0.33,0.49,0.47,2.39,3.64,0.08,160.6,161
,0.57,0.33,0.18,4.2,0.4,1.57,0.02,170.6,185
,0.01,0.19,0.08,4.67,4.77,2.4,0.05,11005.4,5820
,0.38,0.28,0.58,0.95,3.38,1.63,0.13,71.2,95
,0.7,0.27,0.28,3.44,0.13,4.21,0.09,913.3,628
,0.9,1.12,0.17,4.38,4.46,3.05,0.04,172.3,97
,0.84,0.02,0.24,2.8,3.97,0.34,0.07,348.3,645
,0.07,0.26,0.15,4.89,3.36,3.53,0.09,666.4,454
,1.11,0.81,0.22,0.51,1.58,4.49,0,441.4,362
,1.12,0.18,0.25,3.14,0.2,0.43,0.13,151.4,220
,0.66,0.77,0.55,0.89,0.64,2.1,0.12,83.2,105
,0.26,1.04,0.22,3.68,1.49,0.14,0.12,264.9,247
,0.36,0.28,0.07,2.81,4.68,1.9,0.04,401.4,396
,0.76,0.7,0.64,3.53,4.61,2.88,0.04,70.9,54
,1.04,1.07,0.29,1.62,4.96,3.16,0.1,63.1,66
,0.65,0.36,0.54,0.11,3.61,0.87,0.08,584,612
,0.83,0.14,0.54,0.49,2.77,2.55,0.04,186.8,153
,1.09,0.71,0.26,4.38,0.55,3.05,0.05,172,109
,0.21,1.12,0.24,3.98,3.71,3.3,0.1,293.6,160
,0.25,0.92,0.39,2.32,0.7,1.62,0.06,111.9,150
,0.68,0.93,0.57,4.26,1.72,0.62,0.04,67.6,63
,0.65,0.35,0.32,4.05,0.28,0.41,0.01,219.8,238
,0.62,0.33,0.44,4.84,0.36,4.45,0.05,407.5,195
,0.12,0.29,0.06,3.33,4.38,3.24,0.01,543.6,380
,1.28,0.96,0.51,2.63,0.14,0.31,0.11,294.4,270
,0.4,1.01,0.12,2.18,3.16,3.22,0.13,110.8,151
,0.86,0.43,0.1,0.5,1.27,4.3,0.06,135.3,154
,0.65,0.06,0.38,0.11,4.01,4.53,0.12,1139.9,698
,1.16,1.08,0.26,0.24,2.44,3.74,0.04,310,207
,1.34,0.04,0.29,4.42,3.45,2.76,0.07,266,410
,0.82,0.28,0.34,4.1,4.67,3.19,0.05,94,50
,0.01,0.34,0.09,1.24,3.58,1,0.01,2746.4,3585
,0.49,0.16,0.64,4.29,3.58,2.96,0.03,102.8,119
,0.86,0.51,0.67,4.31,0.9,0.36,0.06,84.1,110
,0.4,1.01,0.6,1.75,0.1,3.67,0.03,977.1,693
,0.02,1.28,0.47,3.54,1.52,3.45,0.1,5038.7,2503
,0.59,0.24,0.21,1.45,1.84,3.17,0.09,52.3,82
,1.11,0.89,0.63,4.24,0.65,3.4,0.12,208.2,110
,0.32,1.02,0.11,2.5,1.35,4.36,0.08,142.7,169
,0.28,0.3,0.3,1.35,2.94,2.72,0.03,71,96
,0.94,0.21,0.28,4.4,3.26,3.8,0.01,158.9,101
,0.11,1.06,0.65,2.04,1.17,1.27,0.06,421.8,414
,1.08,0.54,0.55,3.52,1.86,0.78,0.04,55,53
,0.32,1.09,0.25,1.83,0.42,4.37,0.02,238.5,154
,0.79,0.05,0.56,3.57,2.06,0.75,0.05,182.9,480
,0.71,0.19,0.29,1.47,0.72,4.48,0.03,130.9,109
,0.55,0.67,0.39,0.09,0.24,2.99,0.02,405.5,407
,0.06,1.23,0.33,3.05,3.35,1.1,0.1,1345.4,840
,0.66,0.13,0.66,1.93,4.42,1.8,0.11,64.6,113
,0.68,0.69,0.22,1.87,4.93,3.51,0.06,84.9,61
,0.65,0.23,0.3,2.6,0.71,0.91,0.07,54.5,89
,0.06,0.83,0.21,4.4,3.81,3.54,0.12,1022.3,546
,0.3,0.05,0.54,3.65,0.56,2.88,0.05,197.3,245
,1.15,0.88,0.56,1.76,2.54,4.84,0.03,70.1,49
,1.08,0.35,0.51,4.97,0.73,3.9,0.01,346.3,171
,1.19,1.31,0.45,0.67,0.17,2.06,0.04,370.4,416
,0.58,1.16,0.28,2.8,3.06,3.71,0.1,112.7,75
,0.44,0.55,0.6,3.02,1.98,3.48,0.1,92.3,89
,0.83,1.09,0.62,0.03,4.7,2.4,0.13,4713.3,2842
,1.15,0.41,0.49,3.36,2.49,0.17,0.08,292.3,257
,1.33,0.57,0.29,4.88,2.38,2.33,0.09,83.4,80
,1.3,1.23,0.67,1.57,1.25,0.04,0.1,770.3,889
,0.35,0.21,0.19,1.89,4.51,0.99,0.01,181.6,147
,0.36,1.16,0.48,3.64,3.13,0.14,0.03,272.1,255
,0.55,0.45,0.39,0.21,1.19,1.89,0.07,192.1,249
,1.07,0.42,0.48,1.13,1.47,2.52,0.05,42.7,59
,0.56,0.29,0.17,3.48,0.34,3.92,0.09,286.8,177
,0.77,0.77,0.38,3.84,1.93,0.59,0.1,74.3,66
,0.7,0.27,0.66,4.54,0.49,0.43,0.01,264.4,259
,1.1,0.09,0.19,2.85,0.56,1.81,0.09,121,128
,0.59,0.6,0.6,2.21,4.88,2.4,0.06,59.9,63
,0.42,0.19,0.38,4.87,2.05,0.67,0.05,105.2,139
,0.58,0.3,0.36,4.59,0.06,1.64,0,1729.1,1417
,0.37,0.99,0.49,3.29,2.59,0.56,0.12,132.3,129
,0.98,0.55,0.31,2.11,1.87,2.01,0.08,34.4,49
,1.01,0.97,0.05,1.12,1.07,0.08,0.1,386.3,471
,1.05,0.08,0.33,3.48,0.67,3.66,0.09,172.6,150
,0.34,0.55,0.04,3,0.88,1.52,0,370.7,522
,0.17,0.89,0.23,4.67,2.55,1.84,0.04,307.7,272
,0.57,0.13,0.64,1.33,4.1,1.82,0.07,68,84
,1.17,0.38,0.2,3.6,2.8,5,0.05,83.8,70
,1.18,0.74,0.63,1.31,0.52,2.67,0.1,153.8,122
,0.67,0.93,0.22,4.12,0.29,1.45,0,4920.1,3329
,0.18,0.97,0.12,2.16,4.72,0.91,0.05,196.5,178
,0.36,0.68,0.37,3.32,4.71,1.97,0.03,125.3,106
,1.14,0.32,0.3,1.08,4.43,4.12,0.05,119,76
,1.01,0.35,0.49,4.73,3.69,2.9,0.01,139.4,77
,0.21,0.97,0.51,3.64,4.72,0.19,0.09,394.8,249
,0.76,0.74,0.08,0.1,0.87,4.4,0.03,471.5,485
,0.65,0.17,0.35,2.88,4.9,2.55,0.07,96.5,80
,0.15,0.28,0.59,4.33,3.15,0.37,0.09,257.1,229
,0.15,0.11,0.26,4.45,1.03,1.89,0.1,158.8,297
,0.12,0.36,0.6,4.91,0.83,3.44,0.06,561.3,329
,0.5,0.27,0.51,3.34,4.14,3.02,0.06,87.5,57
,0.09,0.33,0.26,4.09,2.39,1.26,0.09,440.8,466
,0.61,0.85,0.28,4.09,3.22,1.95,0.05,74.6,69
,0.21,0.82,0.23,4.3,3.86,0.62,0.13,215.6,184
,0.27,0.71,0.15,4.49,3.03,4.91,0.09,330.9,191
,1.3,1.04,0.63,4.63,4.24,1.59,0.09,53.5,36
,0.41,0.05,0.45,3.27,0.94,2.81,0.03,111.7,335
,0.02,0.5,0.2,0.56,3.11,2.67,0.09,856.1,928
,1.13,0.91,0.26,3.17,1.57,2.14,0.04,57.7,73
,0.29,0.54,0.63,3.44,1.14,4.8,0.1,224.2,132
,0.91,0.74,0.51,3.7,1.81,3.21,0.12,53.5,49
,0.74,0.52,0.65,2.34,3.94,1.21,0.01,128.9,89
,0.58,0.68,0.19,4.85,4.26,3.03,0.04,174.9,121
,0.67,0.2,0.26,1.41,3.36,4.3,0.07,71.1,70
,1.33,0.73,0.38,2.35,3.95,3.16,0,872.1,386
,0.59,0.04,0.33,4.08,0.06,4.95,0.03,2398.8,1369
,0.55,0.17,0.57,4.65,1.93,0.78,0.06,85.9,84
,0.18,0.15,0.62,1.79,4.53,1.4,0.1,136.2,134
,0.25,0.59,0.47,2.34,2.75,2.78,0.04,59.3,105
,0.13,0.21,0.61,0.66,2.36,3.54,0.12,133.5,176
,1.05,1.35,0.62,2.54,2.01,4.44,0.06,59.3,44
,0.01,1.15,0.43,0.97,0.5,2.34,0.04,5869.8,7606
,0.49,0.02,0.11,2.06,2.52,3.45,0.11,739.1,626
,0.04,0.38,0.14,0.86,1.79,1.57,0.04,226.9,583
,0.9,0.3,0.07,2.27,4.38,4.78,0.09,296.6,237
,0.33,0.68,0.48,4.22,0.63,3.11,0.13,200.3,144
,1.31,0.95,0.19,1.73,0.82,1.62,0.03,83.4,84
,0.63,0.87,0.29,2.74,3.12,1.74,0.05,70.7,80
,0.07,0.79,0.51,0.06,2.85,4.76,0.06,2003.9,1188
,0.06,1.25,0.56,4.61,0.27,1.88,0.01,770.1,657
,1.32,0.03,0.67,3.62,4.75,0.35,0.05,425,865
,1.32,0.82,0.28,1.86,3.25,4.63,0.08,68.5,60
,0.44,0.19,0.35,2.86,2.57,3.7,0.1,86.9,112
,1.11,0.72,0.4,1.76,0.8,3.56,0.08,109.7,88
,0.42,1.35,0.55,3.9,4.14,0.69,0.02,158.6,131
,0.92,0.64,0.57,1.04,3.27,3.76,0.12,101.8,78
,1.04,0.95,0.41,2.43,2.16,3.56,0.04,49.2,48
,1,0.3,0.59,0.12,1.79,3.37,0.08,519,489
,0.66,0.05,0.15,2.2,3.2,0.28,0.07,231,255
,1.11,0.55,0.34,0.3,1.25,1.5,0.08,163.6,196
,0.04,0.59,0.46,0.64,2.79,3.07,0.02,467.6,514
,0.65,1.27,0.35,1.64,4.9,4.81,0.01,167.2,114
,0.09,1.25,0.45,3.34,4.86,4.24,0.09,1251,504
,0.03,0.32,0.15,4.21,0.76,4.25,0.13,1509.6,1005
,1.04,0.43,0.62,1.98,3.97,0.43,0.04,82.5,74
,0.35,0.42,0.23,4.2,2.88,2.61,0.07,131.1,112
,0.06,1.28,0.25,3.69,3.61,0.82,0.13,1074.6,979
,1.06,1.14,0.22,4.82,0.97,1.35,0.06,123.5,99
,0.12,0.82,0.29,4.25,2.86,1.27,0.07,506.6,394
,0.13,0.98,0.41,2,4.67,2.78,0.08,343.2,275
,0.86,0.64,0.37,4.55,4.04,1.46,0.04,64.3,59
,1.09,0.86,0.08,4.71,0.69,3.58,0.04,495.9,352
,0.52,0.9,0.23,1.73,1.68,2.24,0.08,33.4,98
,0.26,0.8,0.21,4.73,0.78,3.39,0.11,249.5,166
,1.23,0.18,0.5,0.15,0.91,3.17,0,349.7,397
,1.05,0.06,0.59,4.12,0.39,1.93,0.03,273.6,203
,0.2,0.45,0.64,0.82,4.65,3,0.12,185.4,178
,0.95,0.12,0.3,0.25,3.15,4.7,0.07,344.6,237
,0.37,0.99,0.32,1.7,2.64,4.1,0.09,69.2,76
,0.6,0.71,0.61,2.98,2.62,3.67,0.02,85.9,74
,0.74,0.58,0.62,2.38,3.69,3.03,0.02,97.7,85
,0.92,0.93,0.36,2.41,2.07,2.86,0.01,334.1,249
,0.63,1.28,0.24,4.72,2.41,3.3,0.13,144.9,87
,0.95,1.14,0.26,4.68,4.58,4.46,0.04,161,118
,0.64,1.29,0.3,1.52,4.77,4.44,0.04,97.6,61
,1.1,0.96,0.05,0.67,0.41,3.33,0.03,175.9,257
,1.18,1.34,0.48,2.86,2.46,1.73,0.07,36.8,40
,0.53,1.07,0.22,1.2,3.12,2.33,0.05,59.6,68
,0.62,0.7,0.03,2.3,2.48,1.11,0.07,469.1,630
,0.73,0.5,0.66,4.13,2.62,3.35,0.12,54.3,58
,0.38,0.02,0.45,4.76,1.28,0.55,0.06,599.8,732
,0.41,0.24,0.59,4.18,4.45,3.59,0.04,153.4,84
,0.19,0.11,0.05,3.48,2.51,0.74,0.1,298.2,296
,0.58,1.28,0.18,3.25,1.67,1.05,0.03,90.8,85
,1.08,0.01,0.06,3.02,2.06,3.18,0.01,1130.4,1399
,0.31,0.65,0.31,1.9,2.02,4.62,0.07,120.4,100
,0.99,0.84,0.35,0.04,3.86,2.59,0.11,2474.2,1562
,0.82,1.33,0.46,2.94,2.04,1.31,0.08,39,72
,0.27,0.8,0.61,3.33,4.05,0.01,0.08,7975,4474
,0.9,0.76,0.45,0.06,0.74,3.05,0.05,880.6,1056
,0.02,0.5,0.21,3.47,1.16,0.67,0.05,694,1625
,0.2,1.14,0.54,4.15,3.2,0.14,0.13,454,300
,0.71,0.82,0.36,4.26,2.76,0.94,0.1,72.4,56
,0.38,0.31,0.58,3.77,3.29,3.83,0.1,139.8,102
,0.23,0.86,0.38,1.05,0.39,4.83,0.08,277.4,206
,0.05,0.73,0.11,1.1,0.26,2.47,0.01,275.2,753
,0.78,0.02,0.42,1.76,2.29,3.06,0.09,1060.9,933
,1.29,0.45,0.01,3.23,3.42,0.09,0.02,2121,1459
,0.32,0.96,0.42,0.78,4.82,1.18,0.1,120.4,111
,0.55,0.65,0.43,0.63,2.81,1.61,0.11,99.7,105
,0.39,0.52,0.59,2.73,0.33,2.94,0.04,256.7,183
,0.49,0.64,0.02,0.87,4.32,3.72,0.02,1183.6,964
,0.21,0.99,0.58,0.59,1.94,3.17,0,533.5,467
,0.09,0.31,0.29,2.4,4.7,0.02,0.01,1608.5,1238
,0.96,0.5,0.2,3.1,2.94,4.85,0.11,118.2,102
,1.2,0.92,0.32,0.78,3.7,1.26,0.08,108.4,99
,1.17,1.29,0.4,0.52,0.84,1.85,0.05,84.9,164
,0.41,0.4,0.25,2.62,3.65,3.65,0.01,208.1,122
,0.76,0.9,0.5,3.72,3.86,3.89,0.11,92,46
,0.12,0.49,0.28,4.11,2.25,1.58,0.1,407,235
,0.14,0.86,0.11,0.98,2.61,1.12,0.07,96.3,166
,1.17,0.25,0.09,1.26,0.9,1.52,0,248.8,350
,0.08,0.54,0.06,0.2,3.56,1.97,0.03,450.9,436
,0.53,0.84,0.6,3.16,4.27,3.54,0.04,100.9,82
,1.16,0.36,0.15,1.06,1.11,1.25,0.06,36.7,107
,0.26,1.28,0.55,1.31,3.14,3.62,0.05,186.1,164
,0.45,0.45,0.03,3.43,3.55,4.35,0.03,468.8,573
,0.86,0.79,0.15,0.13,3.38,3.03,0.05,822.2,530
,0.82,0.89,0.43,1.68,0.56,0.87,0.03,55.4,114
,0.02,0.91,0.29,4.76,1.97,3.48,0.01,2587.4,1648
,0.12,1.33,0.62,0.04,1.37,3.13,0.08,1629.9,1183
,0.44,0.99,0.04,4.17,0.6,1.19,0.03,360.1,571
,1,1.08,0.1,3.98,3.12,4.34,0.06,262.4,191
,1.04,0.71,0.49,2.69,1.91,0.57,0.04,55.3,74
,1.06,1.02,0.54,3.39,0.9,1.87,0.09,90.4,76
,0.59,0.64,0.28,0.07,1.83,3.41,0.13,1034.2,1116
,0.87,0.19,0.59,0.16,3.48,2.4,0.01,613.7,466
,0.25,0.89,0.27,3.76,4.16,4.27,0.03,283.8,141
,1.17,0.13,0.02,2.72,0.48,0.3,0.02,290.4,618
,0.02,0.54,0.42,4.96,3.3,1.78,0.08,2241.6,1251
,0.96,1.05,0.12,3.33,2.62,3.44,0.06,195.3,169
,0.51,0.9,0.29,1.06,0.41,0.7,0.09,54.1,123
,0.39,0.08,0.17,2.77,0.82,1.63,0.13,80.6,173
,0.59,0.88,0.33,2.67,1.26,4.79,0.11,84.8,65
,1.27,0.51,0.6,3.64,4.99,0.61,0.12,107,66
,1.23,0.33,0.28,2.95,2.72,1.11,0.04,66.6,80
,0.01,1.24,0.45,3.53,2.16,1.17,0.07,10757.6,8056
,1.08,0.03,0.49,0.54,3.61,1.24,0.11,262.2,358
,1.35,1.07,0.6,2.31,2.04,0.13,0.07,324,269
,0.33,1.06,0.59,3.22,3.02,1.27,0,735,394
,0.4,0.96,0.05,0.51,0.6,0.86,0.11,47.5,182
,0.75,1.29,0.12,3.51,1.25,2.96,0.08,150.5,170
,0.12,0.13,0.43,2.22,2.38,3.61,0.06,242.4,229
,0.8,0.21,0.05,1.22,1.51,2.98,0.09,56.5,215
,0.51,1.34,0.5,1.88,1.95,2.13,0.1,50.8,54
,0.22,0.66,0.2,1.28,0.74,2.65,0.07,80.3,149
,1.22,0.52,0.06,1.75,2.84,0.93,0.02,220.2,283
,1.34,0.18,0.37,0.09,3.03,1.63,0.07,943.5,773
,0.65,0.36,0.5,0.79,0.99,2.07,0.13,44.3,79
,1.32,0.81,0.13,1.03,2.98,2.37,0.13,86.7,87
,0.42,0.05,0.36,0.01,0.12,3.27,0.12,6184,7256
,0.21,0.27,0.13,4.56,0.18,2.64,0.09,638.9,450
,1.01,1.08,0.36,3.27,1.86,1.93,0,461.9,261
,1.04,1.13,0.26,4.89,2.92,0.96,0.01,376.7,216
,1.16,0.07,0.35,3.54,3.19,0.31,0.03,109,184
,1.15,0.04,0.31,4.37,0.67,4.61,0.05,173.7,307
,0.8,0.09,0.27,3.65,3.75,2.97,0.04,149.1,188
,0.29,0.03,0.54,0.59,1.53,4.04,0.07,588.9,940
,0.83,0.21,0.01,1.58,1.31,2.45,0.04,1003.8,1214
,0.96,1.31,0.66,3.66,2.19,1.63,0.04,52.4,52
,0.87,0.63,0.53,1.24,0.02,3.82,0.04,5301.5,3710
,0.63,1.1,0.6,2.77,4.74,0.67,0.12,86.3,84
,0.33,1.14,0.21,2.19,2.61,1.24,0.07,98.7,90
,1.12,1.08,0.55,0.72,0.23,4.23,0.13,478.6,372
,1.12,0.79,0.61,4.42,2.25,1.74,0.06,30.4,48
,0.98,0.39,0.31,3.04,2.07,3.03,0.06,69.8,64
,1.35,0.08,0.29,2.05,4.55,3.7,0.07,301.9,173
,0.78,1.13,0.38,4.44,4.88,4.45,0.05,164.5,72
,0.88,0.66,0.59,2.64,3.76,4.55,0.06,50.2,45
,1.02,0.92,0.24,0.88,0.25,3.07,0.05,338.5,303
,0.5,1.11,0.57,4.4,1.73,2.75,0.06,113.9,89
,1.2,0.73,0.27,4.71,1.92,3.05,0.01,209.3,149
,0.32,0.9,0.63,1.49,0.52,3.55,0.01,183.6,221
,1.35,0.31,0.33,2.85,1.59,4.07,0.06,73.1,75
,0.6,1.06,0.15,1.12,2.57,4.62,0.02,113.4,93
,0.71,0.88,0.48,2.79,4.05,1.19,0.12,52.7,60
,1.33,0.13,0.23,3.95,3.22,0,0.03,30987,24502
,1.04,0.15,0.16,3.12,0.62,3.18,0.02,144.9,129
,1.24,1.29,0.3,0.1,2.84,0.63,0.04,740.8,624
,1.11,0.88,0.48,4.05,2.63,4.54,0.12,50.7,46
,0.57,0.4,0.19,1.44,1.9,1.51,0.01,67.2,89
,0.91,0.74,0.12,1.35,3.88,0.31,0.03,113.7,145
,0.08,0.18,0.19,4.72,2.77,0.19,0.08,433.3,319
,0.21,0.25,0.28,2.14,4.65,1.42,0.07,155.7,125
,0.61,0.56,0.65,0.11,3.62,2.93,0.06,1204.6,659
,0.54,0.93,0.39,0.71,0.88,0.07,0.09,311.9,507
,0.57,0.66,0.31,0.02,3.36,0.47,0.1,3087.4,3250
,1.08,0.59,0.29,1.78,4.84,1.34,0.06,55.1,54
,1.14,0.31,0.17,0.74,2.08,4.86,0.06,96.6,94
,0.21,0.39,0.62,4.33,1.45,1.75,0.03,192.3,251
,0.97,0.63,0.46,0.8,3.41,3.7,0.13,144.3,88
,0.84,0.03,0.04,1.91,3.5,0.03,0.02,1399.4,1331
,0.62,0.54,0.59,3.59,2.51,2.72,0.09,42.2,57
,0.52,0.81,0.08,2.96,1.13,3.31,0.01,227.2,278
,1.31,0.58,0.16,1.99,0.66,1.18,0.11,61.8,92
,0.77,0.04,0.41,0.11,1.1,2.25,0,3088.7,3381
,0.81,0.1,0.14,4.3,0.33,0.73,0.13,180,216
,0.48,0.39,0.01,0.44,1.85,1.26,0.06,281,673
,0.66,0.38,0.37,3.63,4.01,2.93,0.02,109.4,75
,1.18,0.5,0.2,1.97,0.85,0.31,0.08,66,107
,1.26,0.78,0.34,1.4,2.82,2.29,0.11,53.9,58
,0.69,0.99,0.32,1.17,1.3,4.06,0.03,65.4,64
,0.04,0.81,0.25,0.77,3.15,0.47,0.13,659.6,1060
,0.38,1.29,0.27,4.18,3.59,2.48,0.06,187,103
,0.38,0.94,0.47,4.43,3.92,3.22,0,991.1,424
,0.75,1.13,0.42,1.04,0.81,2.42,0.11,67.8,93
,0.07,0,0.49,1.81,3.9,2.3,0.05,23591.6,39991
,0.08,1.34,0.63,4.26,2.05,2.98,0.05,984.9,535
,0.52,1.22,0.63,3.62,1.32,4.87,0.06,113.6,64
,0.89,0.84,0.44,4.03,1.17,3.86,0.05,83.3,69
,0.65,0.65,0.07,2.34,0.98,1.63,0.05,107.1,365
,1.13,0.42,0.56,1.15,0.94,3.92,0.02,106.3,84
,0.14,1.24,0.02,0.01,3.65,4.63,0.08,11067.5,6102
,0.78,1.28,0.17,0.31,1.36,2.5,0.08,145.6,158
,0.03,0.67,0.15,4.84,3.99,1.8,0.11,2933.9,1556
,0.71,0.39,0.49,4.29,4.68,1.07,0.09,78.6,56
,0.89,0.38,0.31,1.66,3.15,3.59,0.1,48.5,43
,0.03,1.25,0.13,2.54,3.31,3.45,0.12,1890.8,1243
,0.3,0.82,0.28,4.73,3.9,2.37,0.04,197.2,115
,1.3,0.31,0.59,3.46,2.84,4.24,0.09,43.1,61
,0.39,1.25,0.07,3.33,3.37,4.31,0.12,589.3,235
,1.3,0.18,0.42,1.07,0.94,0.12,0.11,196.2,318
,1.18,0.74,0.27,3.78,3.96,3.51,0.03,72.3,54
,0.97,0.31,0.2,3.64,4.96,4.31,0.12,153.8,93
,0.58,0.93,0.03,2.27,4.69,1.71,0,677.2,631
,0.92,1.11,0.29,4.08,1.01,0.76,0.11,67,65
,1.2,0.93,0.38,4.53,4.79,3.92,0.12,109.3,57
,0.57,0.19,0.56,4.87,1.36,4.05,0.13,123.1,119
,0.92,0.84,0.01,1,0.81,4.44,0.07,822.5,967
,0.65,0.85,0.45,3.3,0.42,3.11,0.01,263.1,169
,0.73,0.09,0.27,3.67,3.23,4.14,0.07,155.3,103
,0.97,0.89,0.03,0.48,4.72,4.03,0.06,362.9,296
,0.4,0.15,0.65,1.4,2.44,1.26,0.09,61.8,129
,1.32,0.26,0.42,3.99,4.21,4.35,0.04,85.7,85
,1.1,1.02,0.33,3.3,1.2,4.73,0.12,115.3,69
,0.37,0.95,0,3.87,0.78,1.29,0.05,4640.9,4947
,0.96,0.78,0.45,2.89,0.59,0.1,0.11,332.2,385
,0.59,0.17,0.66,1.6,0.27,0.49,0.07,100.4,198
,0.24,0.63,0.07,4.85,0.92,2.95,0.05,384.7,367
,0.79,0.92,0.42,0.28,3.01,3.35,0.08,404.7,292
,0.76,0.99,0.2,3.87,2.99,0.6,0.08,118.6,112
,1.06,0.64,0.14,3.36,1.17,2.51,0.06,128.8,104
,0.57,0.27,0.29,2.27,2.01,1.13,0.07,35.3,85
,1.35,1.29,0.06,0.38,2.35,1.15,0.01,199.9,204
,0.04,1.34,0.09,0.64,0.45,2,0.08,340.3,727
,0.31,0.39,0.2,0.89,3.01,0.46,0.03,67.2,99
,1.29,0.99,0.39,4.01,4.41,2.89,0.1,68,44
,1.34,1.07,0.38,3.85,2.14,0.53,0.1,77.4,78
,0.3,1.06,0.37,2.73,4.87,1.25,0.1,136.7,135
,0.48,0.41,0.29,1.86,1.24,0.19,0.07,125.9,173
,0.71,0.73,0.58,0.98,0.63,1.75,0.08,72.8,100
,0.11,0.62,0.55,2.24,0.12,0.78,0.01,292.9,383
,0.99,0.84,0.45,2.8,3.96,3.05,0.1,36.8,34
,0.49,0.69,0.52,2.07,3.06,0.6,0.1,67.9,69
,0.78,0.43,0.01,3.13,1.54,4.94,0.12,1411.5,1636
,0.72,0.76,0.55,0.84,3.85,1.12,0,744.1,565
,0.9,0.39,0.46,4.55,0.45,1.91,0.12,251.3,149
,0.18,0.66,0.28,0.35,4.23,1.4,0.04,228.9,236
,0.83,1.13,0.66,2.4,4.19,2.47,0.02,84.6,66
,1.12,0.3,0.53,2.63,3.79,4.29,0.04,56.9,50
,0.55,0.72,0.01,1.43,1.3,1.85,0.09,712.3,1373
,1.12,0.64,0.57,3.43,4.84,3.69,0.12,40.8,33
,0.07,1.31,0.25,3.9,2.02,1.37,0.13,920.1,471
,0.23,0.78,0.25,2.96,4.65,4.74,0.09,359.3,173
,1.25,0.97,0.18,2.74,4.61,3.08,0,518.1,228
,0.87,0.95,0.33,0.13,0.02,4.76,0.12,3916.5,3370
,0.26,0.17,0.41,1.56,1.29,2.36,0.04,42.9,139
,1.26,1.27,0.42,0.64,3.03,4.47,0.03,197.3,113
,0.24,0.91,0.35,2.04,3.28,2.74,0.08,193.6,169
,0.65,1.18,0.54,0.39,1.92,1.85,0.02,164.2,132
,0.61,0.84,0.67,0.68,1.97,0.26,0.03,81,131
,0.81,0.28,0.31,0.29,2.12,0.33,0.08,149.3,200
,0.44,0.33,0.42,2.05,4.54,4.41,0,1951,869
,0.57,0.62,0.13,0.11,4.47,3.11,0.03,1052.6,613
,0.11,1.16,0.66,4.17,1.85,0.03,0.11,1670,1171
,0.19,0.19,0.22,1.9,0.18,2,0.07,271.6,417
,0.5,0.53,0.36,0.33,1.73,3.51,0.09,177.2,187
,0.95,0.73,0.51,2.17,0.44,4.61,0.03,274.8,156
,0.59,0.69,0.25,1.33,1.38,3.51,0.07,41.7,80
,0.04,0.28,0.2,2.82,1.54,3.83,0.09,731.9,554
,0.8,0.35,0.3,0.15,3.65,0.74,0.08,451.6,531
,0.94,0.89,0.09,4.6,4.75,1.64,0.1,326.7,262
,1.11,1.22,0.01,4.02,2.64,0.71,0.09,2916.4,2530
,0.67,0.92,0.2,3.84,1.34,3.27,0.04,110.5,114
,0.29,0.26,0.29,2.44,2.53,3.59,0.01,161.7,108
,0.37,0.99,0.19,1.16,3.61,0.11,0.08,300.9,293
,0.21,1.14,0.03,2.54,2.26,3.72,0.04,628.6,523
,0.72,1.09,0.38,0.32,0.25,1.86,0.11,242.2,298
,1.02,0.61,0.17,4.79,2.94,1.35,0.08,123.9,144
,0.07,1.05,0.46,4.55,0.57,3.45,0.12,939.5,578
,0.04,1.14,0.31,0.76,0.99,0.85,0.01,570.4,691
,1.18,0.08,0.61,2.77,3.55,1.42,0.04,143.3,243
,0.26,0.26,0.62,1.62,3.12,0.86,0.03,88.3,120
,0,1.01,0.19,3.04,1.71,2.36,0,30721.7,26329
,1.25,0.04,0.42,3.87,0.82,1.36,0.05,339.6,434
,1.28,0.64,0.01,3.77,2,2.24,0.05,1840.7,1669
,0.92,0.59,0.04,2.77,3.6,4.08,0.09,673.7,527
,0.9,0.21,0.18,2.05,4.97,1.2,0.09,70.7,95
,1.28,0.61,0.31,2.94,1.31,4.46,0,793.4,385
,0.79,0.51,0.24,1.67,1.03,1.28,0.04,32.8,76
,1.29,1.15,0.48,4.84,3.64,3.37,0.03,110.9,65
,0.65,0.83,0.48,4.8,3.28,2.88,0.1,91,52
,0.51,0.91,0.21,1.73,0.03,1.08,0.03,1127.6,2067
,0.08,0.97,0.56,3.32,1.01,4.14,0.07,821.8,648
,1.31,0.9,0.25,2.95,4.66,2.71,0.04,135,96
,1.2,0.98,0.13,3.47,2.78,2.41,0.13,126.2,188
,0.84,0.85,0.07,3.24,4.48,1.71,0.05,398.1,243
,1.25,0.84,0.15,3.29,2.89,1.51,0.11,135.9,161
,0.63,1.16,0.52,4.09,3.61,3.56,0.08,89,70
,1.27,0.79,0.56,0.25,1.29,2.52,0.1,202.1,190
,0.86,0.2,0.38,2.77,3.79,3.01,0.1,49.2,85
,0.55,1.28,0.18,4.13,4.68,3.55,0,641.5,243
,0.01,0.91,0.53,2.82,0.7,3.98,0.03,4665.5,3173
,1.17,0.04,0.01,1.28,2.64,2.43,0.12,881.9,1214
,1.3,1.33,0.11,2.47,0.21,2.61,0.1,470.1,383
,0.38,1.24,0.61,0.92,1.73,3.6,0.07,102.9,91
,1,1.31,0.13,4.45,2.3,1.35,0.02,181.8,178
,1.27,0.12,0.22,1.4,4.83,0.85,0.06,105.7,138
,0.59,0.09,0.37,4.84,3.46,1.71,0,618.1,432
,0.07,0.65,0.48,1.17,3.11,3.83,0.06,442.3,418
,0.07,0.93,0.04,0.04,2.61,4.53,0.05,2867.1,1766
,1.2,1.29,0.31,0.52,0.22,0.8,0.13,169,233
,0.8,1.19,0.09,0.49,0.92,0.54,0.03,59.5,132
,1.33,1.11,0.21,3.45,4.66,4.72,0.13,174.5,111
,0.23,0.03,0.36,1.53,2.77,4.94,0.11,613.8,604
,0.72,0.32,0.15,2.58,4.62,0.83,0.13,79.6,88
,0.28,0.31,0.53,0.42,2.58,3.24,0.12,160.1,154
,0.89,0.66,0.04,1.66,1.18,4.4,0.1,91.3,389
,0.01,0.59,0.2,4.03,2.03,3.07,0.06,3660.4,3266
,0.06,0.7,0.03,4.12,3.32,3.87,0.1,1579.7,734
,0.87,1.01,0.55,2.59,3.01,2.48,0.09,30,46
,0.28,1.13,0.07,2.75,3.96,3.84,0.14,404.6,270
,0.08,1.12,0,4.46,0.92,1.79,0.02,17457.3,15521
,0.15,1.34,0.55,3.02,2.14,3.37,0.03,433,284
,1.19,0.47,0.66,2.29,4.66,3.1,0.01,161.6,119
,0.88,1.21,0.08,4.39,4.79,2.54,0.05,540.5,356
,0.86,0.27,0.12,4.72,1.13,0.63,0.1,133.5,198
,0.78,0.66,0.48,0.67,2.66,0.52,0.06,78.3,113
,0.92,0.06,0.18,1.66,1.71,0.58,0.11,61.6,334
,0.73,0.67,0.56,3.25,2.38,3.67,0,481.6,262
,0.83,0.96,0.17,2.83,3.13,3.42,0.11,137.5,94
,0.6,0.61,0.2,1.89,1.55,0.75,0.11,33.1,72
,0.55,0.89,0.34,0.7,4.72,2.45,0.06,135.6,105
,0.01,0.07,0.03,2.84,4.2,2.97,0.09,6009.6,4713
,1.22,0.54,0.5,3.45,2.75,4.78,0.08,79.3,55
,0.17,1.22,0.03,1.92,1.85,0.49,0.05,457.8,592
,0.65,0.63,0.2,0.59,0.96,3.73,0.1,83.1,102
,0.55,0.26,0.56,2.79,4.03,3.16,0.05,87.3,82
,0.25,0.88,0.66,3.61,0.5,1.61,0.09,203.2,183
,0.56,0.97,0.47,1.7,3.68,3.05,0.05,60.6,70
,0.75,0.35,0.45,4.84,3.85,1.1,0.08,79.7,57
,0.39,0.81,0.52,2.07,1.94,0.62,0.09,76,113
,0.82,0.89,0.23,0.43,1.43,1.3,0.06,82.3,187
,0.89,0.3,0.19,2.65,0.46,4.56,0.01,242.2,159
,1.05,1.23,0.66,4.73,4.9,4.68,0.05,73.9,40
,0.2,1.05,0.45,2.52,1.96,4.65,0.09,222.1,149
,0.84,0.3,0.53,1.79,1.37,2.55,0.11,46.9,65
,0.57,0.08,0.46,1.31,3.23,3.55,0.06,150.2,233
,0.06,0.21,0.63,3.43,0.83,1.66,0.11,646.9,552
,0.8,0.25,0.38,1.1,4.56,1.34,0.13,91,77
,0.44,0.49,0.67,4.92,1.44,0.08,0.09,622.3,464
,1.13,0.23,0.11,3.6,2.9,4.19,0.03,220,171
,0.98,0.13,0.62,1.79,0.15,1.91,0.04,442.3,486
,0.49,0.59,0.16,1.78,3.29,3.93,0.01,333,213
,1.2,0.45,0.55,0.51,0.06,0.6,0.09,398.2,925
,0.13,0.42,0.23,1.05,2.87,1.41,0.04,146,208
,0.15,1.26,0.12,3.45,1.11,0.34,0.07,248.1,403
,0.59,1.35,0.4,1.51,0.39,3.32,0.06,238.9,219
,0.93,0.71,0.67,0.51,3.3,1.29,0.13,159.2,116
,0.84,0.5,0.18,0.65,2.15,4.38,0.13,133.4,101
,0.75,0.18,0.54,0.2,0.25,4.1,0.05,367.3,298
,1.06,0.43,0.2,0.31,1.04,0.66,0.12,95.8,216
,0.28,0.01,0.36,4.32,1.53,1.08,0.02,803.4,1391
,0.52,0.18,0.23,1.78,1.27,4.35,0.05,76.9,69
,1.18,0.44,0.58,0.4,3.76,3.49,0.08,287.2,143
,0.42,1.17,0.61,2.41,0.34,2.09,0.03,239.7,218
,0.22,0.13,0.57,0.33,4.94,3.7,0.13,365.5,211
,0.23,0.21,0.49,3.36,4.27,0.61,0.06,166.6,131
,1.09,0.03,0.09,0.48,1.05,1.68,0.07,138.2,298
,0.2,0.8,0.24,4.08,0.44,0.59,0.05,150.9,199
,0.02,0.72,0.65,0.2,1.58,3.75,0.07,1357.9,1461
,0.77,0.36,0.52,2.4,3.9,4.1,0.02,120.9,81
,0.15,0.95,0.27,2.58,0.47,4.78,0.05,340.8,245
,0.83,0.35,0.64,2.25,2.38,1.47,0.07,25.7,75
,0.6,0.01,0.65,4.36,3.65,2.68,0.06,3857.7,2057
,0.04,0.06,0.43,4.2,1,4.95,0.02,603.7,655
,1.11,0.49,0.47,0.14,2.9,2.69,0.04,693.4,464
,0.4,1.22,0.08,3.95,4.37,1.9,0.12,228.9,215
,1.05,0.15,0.34,3.09,3.99,4.2,0.03,91.3,80
,0.76,0.98,0.36,2.46,4.28,2.49,0.02,140.6,96
,0.47,0.46,0.16,2.23,0.67,1.76,0,390.4,402
,0.54,0.66,0.13,4.2,4.12,3.73,0.1,354.6,185
,0.92,0.95,0.03,3.49,2.85,3.94,0.08,810,614
,1.2,1.16,0.35,2.57,2.24,1.27,0.07,33.7,60
,0.07,0.1,0.52,1.84,2.3,3.91,0.11,476.9,352
,0.71,0.64,0.6,2.03,1.14,3.64,0.08,67.9,62
,0.33,1.11,0.39,3.8,3.61,2.99,0.06,203.4,130
,0.63,0.8,0.4,4.7,0.21,4.39,0.12,779.5,366
,1.28,1.01,0.2,4.48,3.61,3.51,0.13,157.2,85
,0.97,0.13,0.34,2.15,3.94,3.09,0.02,135.6,174
,0.84,0.4,0.05,0.98,1.56,2.61,0.08,52.3,321
,0.98,0.17,0.41,1.21,2.56,4.71,0.02,97.7,84
,0.31,1.04,0.64,2.91,0.55,4.77,0.12,241.5,139
,0.93,0.55,0.22,1.37,3.06,2.39,0.06,46.2,64
,0.24,1.01,0.11,2.52,3.82,3.12,0.09,304.6,150
,1.28,0.86,0.44,0.88,4.21,4.1,0.01,217.9,142
,0.02,0.73,0.51,3.18,4.56,0.62,0.01,1852.2,1996
,0.87,0.1,0.05,2.81,1.8,0.79,0.06,161,343
,0.84,0.68,0.61,1.31,4.91,3.06,0.07,78.4,55
,0.25,0.15,0.26,3.7,0.73,4.31,0.03,188.8,139
,0.77,1.28,0.01,4.16,4.64,1.86,0.05,4261.5,2827
,1.33,1.11,0.12,0.36,0.52,3.99,0.01,214,261
,1,0.82,0.54,4.27,1.02,4.7,0.13,140.7,73
,0,0.44,0.08,4.1,2.55,4.97,0.09,19471,10117
,0.24,0.96,0.6,0.76,2.9,2.61,0.06,105.9,151
,0.32,1.08,0.33,1.93,3.5,0.76,0.01,254.6,196
,0.78,0.09,0.67,3.15,0.09,1.07,0.02,588.6,613
,0.51,1.01,0.65,4.61,4.33,1,0.05,132,110
,0.44,0.51,0.34,2.19,0.74,0.66,0.09,43.5,106
,0.12,0.71,0.15,0.13,3.87,1.3,0.04,741,611
,0.22,0.63,0.09,1.2,1.12,2.04,0.13,82,112
,0.56,1.01,0.08,1.7,4.73,4.27,0.05,192.5,216
,0.47,0.17,0.39,3.54,3.43,0.27,0.09,150.7,147
,0.26,0.11,0.03,4.78,1.68,3,0.05,721.5,690
,0.31,0.15,0.42,3.1,1.89,3.18,0.06,132.8,132
,1.23,0.89,0.08,0.13,2.23,2.82,0.08,619.5,552
,0.18,1,0.01,4.38,2.67,3.35,0.04,2034.1,1445
,0.19,0.45,0.54,2.91,0.2,2.09,0.1,448.8,345
,1.21,1.24,0.27,2.54,4.39,4.9,0.11,81.9,59
,0.06,0.46,0.12,0.47,1.28,2.55,0.1,178.9,300
,1.07,0.61,0.08,1.63,1.83,3.82,0.01,212.3,220
,0.1,0.05,0.3,0.62,0.85,4.65,0.06,215.2,271
,0.62,1.32,0.27,2.26,0.47,3.7,0.07,248.9,171
,0.99,1.24,0.1,4.57,3.12,0.39,0.01,459,285
,1.32,0.84,0.28,0.96,2.29,4.76,0.13,94.6,79
,0.55,0.22,0.51,3.1,2.22,1.94,0.03,39.6,71
,1.05,0.44,0.22,2.45,2.3,2.57,0.13,48.1,88
,0.35,0.72,0.01,3.12,3.98,2.47,0.05,5371.6,3636
,0.45,0.81,0.66,0.35,4.9,3.85,0.01,376.5,269
,0.93,0.59,0.62,1.58,0.85,2.73,0.09,88.9,92
,0.52,0.18,0.04,3.34,2.45,2.6,0.01,600.1,665
,0.08,0.72,0.52,0.38,3.71,4.49,0.13,557,382
,0.88,0.51,0.01,1.71,1.33,0.19,0.13,460.4,1117
,0.16,1.33,0.2,2.46,0.35,2.43,0.1,257.1,274
,0.05,1.3,0.17,4.08,0.26,0.13,0.05,828.9,902
,0.01,0.66,0.45,3.59,2.99,2.81,0.08,10699.6,6607
,0.72,0.82,0.64,2.75,0.32,1.99,0.13,262.1,218
,0.49,0.24,0.5,2.97,3.64,3.06,0.09,79.1,78
,0.09,0.05,0.55,2.96,3.33,2.31,0,817.4,595
,0.29,1.28,0.59,1.39,0.87,3.21,0.11,125.1,108
,0.97,1.34,0.26,3.77,1.64,1.99,0.11,53.4,91
,0.35,0.15,0.45,0.9,1.75,3.5,0.09,65.7,108
,1.14,0.6,0.1,4.12,3.95,2.16,0.07,376.2,187
,1.35,0.62,0.33,4.49,4.44,1.32,0.06,52.8,54
,1.22,0.73,0.2,1.5,1.68,2.45,0.08,37.8,85
,0.94,1.2,0.25,0.15,4.59,2.08,0.08,698.2,366
,1.12,0.8,0.04,0.09,2.08,1.33,0.05,692.4,817
,0.04,0.41,0.44,2.23,1.98,0.09,0.12,494.7,787
,0.28,0.12,0.21,4.29,4.11,3.84,0.02,207,151
,1.29,0.9,0.25,0.74,0.91,0.33,0.08,61.2,123
,0.76,0.66,0.65,3.82,4.53,3.23,0.07,91,55
,0.69,1.24,0.09,3.39,0.94,3.36,0.1,224.2,255
,1.2,0.17,0.6,3.36,4.3,4.38,0.13,87.7,125
,0.47,0.49,0.56,1.5,1.28,0.23,0.01,97.4,145
,0.42,0.84,0.04,2.29,4.96,4.96,0.04,661.5,361
,0.16,0.91,0.23,1.89,2.02,4.67,0.04,250.9,225
,1.11,0.38,0.08,0.18,1.88,4,0.06,480.7,392
,0.87,0.47,0.24,2.27,1.13,1.66,0.04,45.9,63
,1.31,0.77,0.55,0.01,4.67,2.05,0.13,14373.2,8586
,1.06,0.54,0.11,2.56,1.55,0.31,0.03,109.3,141
,0.05,0.05,0.01,3.87,4.92,1.91,0,2387.5,2097
,0.6,1.14,0.63,2.53,3.85,1.4,0.06,71.3,71
,0.41,0.02,0.53,4.41,2.75,3.21,0,1221.9,1728
,1.24,1.35,0.56,3.21,3.38,4.72,0.02,79,58
,0.48,0.63,0.35,2.56,0.1,3.84,0.04,973,773
,0.89,0.17,0.18,3.19,1.93,4.24,0.05,131.3,108
,1.21,1.24,0.32,3.32,0.5,0.15,0.05,184.6,199
,0.12,0.49,0.2,1.38,2.15,0.16,0.07,152,236
,0.1,0.34,0.18,0.02,0.41,3.06,0.09,2162.1,2715
,0.46,0.46,0.49,4.65,0.65,3.55,0.12,203.3,122
,0.26,0.55,0.36,4.27,2.48,3.86,0.07,213.2,148
,0.71,0.89,0.07,4.19,4.86,0.6,0.13,559.8,556
,1,1.08,0.34,1.29,3.16,4.93,0.01,249.9,153
,1.26,0.61,0.31,4.23,1.01,0.4,0.09,100.9,107
,0.63,0.76,0.5,1.63,4.55,0.18,0.11,281.7,243
,0.7,1.29,0.07,0.53,3.01,0.47,0.01,130.5,177
,0.25,0.33,0,0.4,2.86,0.79,0.06,674.7,1790
,0.85,0.39,0.5,4.73,4.76,2.2,0.01,217.3,91
,0.31,1.32,0.16,3.69,1.39,4.93,0.09,278.6,203
,0.11,1.12,0.31,4.87,2.03,3.95,0.05,742,446
,1.35,1.33,0.47,3.35,0.47,0.73,0.09,112.3,113
,0.04,0.53,0.5,3.56,4.39,1.57,0.1,1473.8,787
,0.95,1.14,0.23,1.52,4.66,4.56,0.05,89.5,52
,0.75,0.15,0.49,0.76,4.15,1.36,0.02,109,111
,0.76,0.94,0.05,2.6,0.44,3.69,0.06,286.5,347
,0.09,0.82,0.17,1.27,3.77,4.34,0.03,374.6,280
,0.47,0.87,0.17,1.69,4.09,4.77,0.06,121.6,78
,0.89,0.39,0.5,1.64,2.68,0.38,0.06,58.3,93
,0.62,0.5,0.39,3.4,2.94,0.32,0.07,134.9,116
,1.21,0.19,0.51,0.71,0.8,4.5,0,800.2,657
,0.24,0.44,0.23,2.9,0.5,2.46,0.08,145,136
,0.09,0.47,0.05,3.58,3.49,4.55,0.07,761.5,633
,0.02,0.27,0.68,0.18,2.12,3.93,0.08,1023.6,1134
,0.68,1.21,0.56,2.81,2.77,3.22,0.01,170,112
,0.64,0.99,0.46,3.7,1.21,3.03,0.11,77.9,57
,0.96,1.24,0.66,2.86,4.78,2.92,0.08,50.2,35
,0.04,0.02,0.5,4.93,1.71,1.28,0.11,1389.5,888
,1.32,1.34,0.04,4.23,0.57,4.98,0.03,442.7,575
,0.84,0.85,0.46,4.11,2.93,3.41,0.06,75.6,46
,0.98,0.99,0.53,3.84,4.26,3.46,0.09,73.9,41
,1.06,0.33,0.59,3.77,1.87,4.21,0.13,66.8,67
,0.42,0.79,0.51,3.1,3.17,1.35,0.06,68.4,90
,1.17,0.55,0.33,1.99,0.87,0.48,0.01,65.1,93
,0.13,0.61,0.19,4.42,0.94,0.86,0.03,215.1,278
,0.77,1.22,0.08,1.63,3.96,2.64,0.12,175.7,321
,0.85,0.89,0.59,3.74,0.39,1.3,0.05,190.6,153
,0.6,0.15,0.32,4.6,2.35,1.96,0.11,68.3,84
,0.36,0.09,0.15,0.99,4.29,0.57,0,2158.7,1580
,0.29,0.95,0.11,4.61,0.14,3.44,0.06,869.6,555
,0.61,0.99,0.59,2.62,1.56,1.38,0.09,46.7,91
,1.34,0.21,0.62,1.46,4.8,0.66,0.04,104.9,91
,0.81,0.85,0.31,2.13,1.8,1.33,0.02,56.6,64
,0.39,1.03,0.46,2.13,4.52,4.98,0.09,220.7,120
,0.87,1.17,0.57,3.92,1.5,3.91,0.05,81.6,57
,1.29,1.22,0.05,2.82,0.89,1.87,0.04,289.8,384
,0.39,0.57,0.57,0.39,3.33,0.9,0.1,159,187
,0.39,0.46,0.07,4.88,3.6,0.91,0.08,376.7,398
,0.58,0.87,0.06,0.4,2.33,3.2,0.07,221.2,254
,1.28,0.72,0.48,1.52,4.51,3.2,0.09,79.6,56
,0.89,0.36,0.49,0.42,3.44,4.98,0.03,259.9,194
,1.12,0.15,0.08,4.76,1.27,2.24,0.11,486.6,308
,0.06,1.13,0.18,3.88,4.65,3.02,0.09,1126.7,680
,0.58,1.06,0.57,4.11,1.35,1.55,0.12,64.2,59
,0.05,1.18,0.32,3.57,4.48,4.84,0.05,1349.4,708
,0.12,0.24,0.6,3.28,1.24,1.17,0.08,287.4,297
,0.79,1.34,0.52,1.05,4.13,1.71,0.04,79.4,68
,0.23,0.12,0.46,2.69,3.91,3.98,0.13,169,115
,0.08,0.12,0.31,2.14,2.3,2.57,0.06,427,411
,0.16,0.41,0.27,4.16,0.5,0.67,0.05,174.7,330
,0.33,0.85,0.12,3.04,1.34,3.4,0.07,136.9,169
,0.02,0.43,0.36,3.8,3.75,2.55,0.06,2901.8,1822
,0.71,0.01,0.2,3.42,2.85,3.15,0.01,1983.9,1779
,1.28,0.57,0.47,1.74,4,1.67,0.01,202.2,170
,1.03,1.17,0.43,1.17,3.16,4.31,0.06,99,70
,1.15,0.91,0.41,2.96,1.98,4.26,0.08,58.5,47
,1.11,0.29,0.34,1.41,3.43,0.67,0.1,57,63
,1.04,0.79,0.21,3.27,2.07,3.63,0.01,313.7,178
,0.2,0.62,0.34,3.7,2.89,3.79,0.12,272.7,156
,1.07,0.7,0.21,0.05,3.14,4.52,0.07,2616.5,1401
,0.56,0.29,0.23,0.47,4.41,2.72,0.03,246.6,156
,0.72,0.67,0.18,4.17,3.95,3.64,0.07,229.6,126
,1.05,0.53,0.11,1.81,1.46,1.23,0.05,38.4,107
,0.07,0.63,0.61,2.69,1.54,1.88,0.1,635.4,491
,0.82,0.78,0.1,2.33,2.03,4.56,0.04,131.2,203
,1.19,0.7,0.54,2.81,4.24,1.14,0.02,68.8,60
,1.06,0.63,0.13,4.42,4.05,1.59,0.03,191.9,165
,1.03,1,0.45,0.49,0.98,3.96,0.1,131.2,111
,1.04,1.09,0.49,1.35,4.96,4.82,0.1,94.2,50
,0.57,0.87,0.58,1.07,2.92,1.71,0.02,65.7,74
,0.98,0.57,0.48,1.82,4.86,0.59,0,554.6,418
,0.49,0.54,0.21,3.26,2.94,3.77,0.03,67.5,53
,0.03,1.21,0.62,3.56,1.01,0.09,0.05,1206.4,1429
,0.93,1.2,0.11,0.26,1.61,0.11,0.03,165.9,303
,0.18,1.22,0.55,3.31,0.39,3.36,0.04,340.3,236
,0.59,1.33,0.53,0.54,2.47,3.07,0.09,155.8,132
,0.38,0.2,0.17,4.71,2.67,4.02,0.04,207.7,162
,0.82,0.3,0.11,1.18,3.47,0.91,0.11,71,175
,0.54,0.24,0.4,3.84,1.5,3.03,0.05,89.2,70
,0.69,0.9,0.53,0.04,4.03,4.58,0,5086.7,2808
,0.62,0.51,0.3,4.05,2.23,0.56,0.05,70.8,79
,0.32,0.8,0.2,0.65,2.8,0.55,0,272,390
,0.98,0.44,0.08,0.28,1.36,2.81,0.08,168.2,215
,0.37,0.84,0.45,4.85,0.27,4.27,0.1,570.1,298
,0.86,0.21,0.38,2.97,3.57,4.99,0.02,134.2,75
,0.03,0.88,0.58,1.74,1.81,4.2,0.03,1195.4,1465
,0.93,1.04,0.41,2.25,1.44,1.42,0.08,27.9,46
,1.22,0.06,0.58,2.19,3.8,3.44,0.12,449.6,243
,0.44,0.81,0.26,3.25,2.02,2.97,0.09,93,102
,0.73,0.02,0.02,2.03,1.47,2.01,0.1,551.7,772
,1.24,0.44,0.32,3.2,1.19,0.88,0.11,51.4,59
,0.57,0.02,0.3,4.77,4.25,2.16,0.08,1022.9,561
,1.19,0.75,0.38,0.68,0.02,1.49,0.05,3135,5126
,0.39,0.68,0.06,1.97,0.94,0.28,0.04,82.8,242
,0.23,0.84,0.29,3.76,2.92,4.32,0.04,215.7,161
,0.85,0.37,0.08,1.45,2.32,0.72,0.07,41.4,87
,0.09,0.45,0.6,0.14,2.51,4.51,0.08,591.1,487
,0.16,0.61,0.12,1.29,3.63,4.85,0.02,221.8,144
,0.16,0.9,0.41,1.56,0.02,0.87,0.03,1494.8,2793
,0.38,0.75,0.03,2.78,0.51,1.95,0.02,487.8,591
,0.3,0.44,0.06,1.27,4.49,4.41,0.09,201.6,160
,1.21,0.84,0,4.86,4.07,2.07,0.09,283955.7,190003
,1.34,0.98,0.28,1.84,4.9,4.41,0.08,102.4,77
,1.12,0.11,0.12,1.37,0.55,4.33,0.12,147.3,133
,0.88,0.62,0.45,4.31,1.76,3.06,0.03,87.5,57
,1.13,0.31,0.59,3.17,3.9,2.85,0.13,63.5,59
,0.2,0.04,0.49,3.54,2.11,2.09,0.13,302.3,448
,0.93,0.34,0.16,1.2,1.32,1.09,0.12,28.3,110
,1.06,1.23,0.4,1.45,3.94,2.78,0.03,73.1,54
,0.69,1.34,0.16,0.44,3.14,3.51,0.12,194.8,184
,0.4,1.21,0.21,0.1,4.92,3.18,0.02,1279,884
,0.84,0.81,0.03,1.22,1.64,0.18,0.13,205.1,261
,0.34,1.28,0.41,2.15,2.73,4.01,0.09,122.6,91
,0.3,0.6,0.43,0.84,1.61,4.89,0.04,101.6,104
,0.18,0.21,0.11,3.6,4.54,0.77,0.12,345.7,337
,1.18,1.35,0.03,3.76,4.24,0.43,0.08,586.5,598
,0.55,1.24,0.28,3.48,2.58,3.29,0.03,134.3,74
,0.18,0.63,0.56,1.23,3.72,3.8,0.12,202.7,150
,1.25,0.74,0.03,4.56,0.18,0,0.06,7942.9,6378
,1.24,0.2,0.66,1.65,0.17,4.76,0.02,691.9,379
,0,0.14,0.63,2.63,3.59,1.61,0.13,43434.9,35092
,0.12,0.43,0.53,4.41,2.34,0.34,0.03,386.7,291
,0.26,1.31,0.44,3.1,0.91,2.42,0.11,192,167
,1.15,0.47,0.43,0.99,2.76,0.89,0.03,59.3,74
,0.97,0.7,0.49,3.8,0.09,0.27,0.07,315.4,524
,0.2,0.59,0.05,3.12,0.83,2.35,0.03,192.3,507
,1.18,1.16,0.12,2.67,1.57,0.62,0.13,83.4,212
,1.2,0.38,0.61,1.4,4.06,4.72,0.12,78.8,59
,0.65,1.29,0.13,3.35,0.92,1.64,0.07,160.1,219
,0.3,0.14,0.47,3.92,4.96,3.23,0.04,168.7,134
,0.25,1.12,0.39,1.86,0.8,3,0.08,133,142
,1.1,0.02,0.3,0.78,0.67,1.95,0.04,460.3,956
,0.18,0.71,0.63,2.81,0.67,4.79,0.09,270.8,241
,0.67,1.04,0.43,4.94,0.49,0.99,0.09,160.6,126
,0.95,0,0.17,1.02,1.94,2.89,0.09,4569.9,6840
,0.59,0.83,0.57,2.52,2.51,3.5,0.05,55.6,61
,0.36,0.27,0.55,4.87,0.66,0.22,0.11,191.3,216
,1.18,0.22,0.3,2.42,3.44,3.91,0.04,71.3,67
,0.44,1.01,0.51,1.63,4.43,2.63,0.04,100.8,82
,0.01,0.71,0.4,4.34,2.29,2.25,0.02,3305,2093
,0.55,1.16,0.48,2.38,3.23,1.9,0.05,56.5,66
,0.27,0.65,0.01,4.77,3.05,3.97,0.06,2265.6,1239
,0.33,0.04,0.09,0.41,0.37,1.46,0.13,86.9,362
,1.18,0.56,0.3,3.32,0.06,0.81,0.11,1042.2,1052
,1.17,0.49,0.11,1.83,3.46,3.29,0.07,57.1,89
,0.94,0.84,0.61,3.03,1.41,4.61,0.12,72.7,48
,1.17,0.43,0.44,3.19,2.92,0.88,0,656.7,588
,0.84,1.18,0.34,2.02,0.15,1.12,0.1,349.5,334
,0.9,0.04,0.14,1.33,3.48,3.19,0.01,422,348
,0.35,0.47,0.1,1.97,0.25,3.28,0,342.4,338
,0.06,1.2,0.35,4.78,0.8,2.46,0.02,999.9,895
,0.95,1.01,0.58,3.56,0.63,2.33,0.11,143.7,113
,1.03,0.64,0.32,1.32,1.92,4.19,0.02,97.3,75
,0.6,0.81,0.17,3.03,2.63,4.24,0.01,163,105
,0.6,1.24,0.52,1.56,3.31,3.28,0.12,77.7,60
,0.51,0.45,0.46,2.82,4.84,1.92,0.01,256.3,145
,0.13,0.15,0.11,2.4,3.44,3.15,0.08,222.3,237
,1.05,0.46,0.34,2.49,3.47,3.14,0.03,52.9,44
,1.22,1.32,0.22,4.99,4.22,3.99,0.04,272.9,121
,1.23,0.41,0.13,3.02,3.27,3.03,0.13,93.4,179
,0.61,0.37,0.15,4.73,1.65,2.01,0.1,166.4,204
,1.13,1.26,0.29,1.09,3.86,3.9,0.04,114.6,66
,0.76,0.66,0.16,1.67,0.43,4.85,0.05,254.1,170
,0.23,0.07,0.35,1.36,2.3,1.99,0.07,130.9,225
,1.09,0.14,0.61,1.24,2.09,2.48,0.13,67.4,118
,0.11,0.52,0.53,4.52,4.89,4.03,0.09,664.3,279
,0.66,0.21,0.57,1.82,1.14,1.22,0.09,34.4,114
,0.6,0.1,0.18,4.96,0.74,2.99,0.09,207.8,168
,0.62,0.74,0.15,2.74,4.77,2.79,0.08,141.8,127
,1.35,1.14,0.17,3.86,1.05,2.68,0.03,117.8,105
,1.03,0.19,0.05,1.29,0.55,1.4,0.09,98.2,240
,0.49,0.47,0.63,3.29,1.09,2.77,0.02,113.5,89
,0.28,1.31,0.3,1.85,4.55,0.76,0.09,150.4,153
,0.8,0.52,0.56,2.75,4.94,3.19,0.06,59.9,46
,1.03,1,0.53,3.16,0.83,4.25,0.1,149.5,87
,0.48,0.78,0.25,4.27,2.83,2.16,0.13,139.8,97
,1.24,0.84,0.57,4.31,3.42,4.73,0.08,68.3,36
,0.49,1.24,0.32,2.19,3.16,3.07,0.09,52.3,72
,0.88,0.68,0.57,0.83,0.12,3.41,0.09,673.3,571
,0.13,0.61,0.33,4.72,1.17,0.87,0.03,302.9,241
,0.24,0.28,0.43,3.12,1.08,2.01,0.1,109.8,169
,0.05,0.16,0.46,2.66,1.88,4.92,0.01,871.7,658
,1.26,1,0.37,1.78,1.71,3,0.02,76.5,75
,0.21,0.24,0.01,2.58,2.04,1.32,0.08,388.7,1212
,0.9,1.33,0.38,1.93,3.78,4.36,0.01,369.9,150
,0.49,0.94,0.04,0.17,1.04,1.33,0.02,212.1,376
,0.49,0.6,0.53,4.7,2.16,3.9,0.01,191.4,105
,0.68,0.09,0.15,4.06,2.39,3.65,0.09,285.7,155
,0.98,0.44,0.57,1.41,4.64,3.31,0.09,74.6,57
,0.62,0.96,0.64,0.25,4.33,0.29,0.1,383.9,268
,0.12,0.21,0.34,2.89,0.63,1.8,0.08,161.9,215
,0.91,0.22,0.37,1.1,0.79,1.24,0.13,54.1,104
,1.28,1.31,0.35,1.7,2.57,3.01,0.09,61.2,50
,0.57,0.39,0.66,3.13,2.48,0.48,0.13,91.4,91
,0.62,0.76,0.24,3.7,2.56,3.32,0,577.4,313
,1.24,0.15,0.48,3.23,3.68,2.76,0.03,104.1,124
,0.86,0.23,0.49,1.48,1.39,2.32,0.11,42.6,70
,1.24,0.92,0.42,4.28,2.36,1.2,0.03,73.3,63
,0.8,1.33,0.02,2.38,3.62,1.75,0.03,926.3,1562
,0.64,1.15,0,4.92,2.42,1.48,0.08,104011.7,139255
,0.48,1.09,0.35,4.19,3.14,1.34,0.06,93.7,90
,1.04,0.04,0.2,2.06,1.76,0.87,0.08,238.3,506
,0.65,0.92,0.26,4.46,1.24,0.73,0.12,75.5,93
,0.13,0.08,0.07,0.49,0.82,0.13,0.05,56.9,285
,0.69,0.84,0.55,1.66,0.27,3.99,0.11,385.1,316
,0.44,0.7,0.55,1.89,4.28,0.89,0.12,75.1,72
,1,0.87,0.34,1.36,2.56,2.83,0.07,46,51
,0.99,0.55,0.65,2.74,0.89,1.4,0.13,60.9,92
,0.56,0.2,0.3,0.6,3.68,1.01,0.02,119.9,134
,0.78,0.86,0.61,0.62,1.15,1,0.08,52.2,110
,1.07,1.14,0.17,1.34,2.05,2.52,0.02,61.8,76
,1.19,0.48,0.38,2.96,1.91,1.42,0.07,23.3,50
,0.79,0.7,0.66,1.58,0.55,3.57,0.03,156.7,130
,0.47,1.22,0.28,1.14,0.6,4.46,0.1,172.2,116
,0.46,1.27,0.46,2.95,3.98,4.31,0.05,142.1,102
,0.25,0.49,0.55,2.39,4.16,2.35,0.08,196.8,145
,0.3,0.31,0.49,4.83,2.38,3.73,0.03,136.9,111
,1.06,0.5,0.48,3.27,0.37,2.39,0.13,189.4,190
,1.18,0.31,0.26,0.44,2.12,0.12,0.02,202,331
,0.81,1.11,0.28,2.57,0.02,3.28,0.1,4628.9,3056
,0.6,1,0.29,4.03,0.58,1.66,0.13,137.1,108
,0.51,0.43,0.56,3.09,3.17,3.96,0,815.9,482
,0.33,1.03,0.66,3.95,3.01,1.54,0.01,406.3,316
,0.02,1.29,0.3,2.77,4.01,4.69,0.08,3874.8,3160
,0.33,1.02,0.07,2.26,1.69,2.5,0.03,113.6,311
,1.27,0.35,0.27,1.59,2.31,3.02,0.1,48.3,67
,0.21,1.18,0.26,2.07,0.33,2.94,0.09,245.5,203
,0.2,1.29,0.67,4.83,2.35,3.86,0.06,331.8,213
,0.35,0.47,0.24,1.19,3.23,3.18,0.05,55.9,76
,0.83,0.44,0.21,0.28,2.02,2.3,0.01,192.7,219
,0.92,1.08,0.15,0.28,1.71,4.51,0.12,327.6,208
,0.72,0.8,0.63,3.51,2.03,1.12,0.08,32.5,73
,0.77,0.65,0.25,3.48,1.58,2.79,0.01,148.2,92
,0.43,1.12,0.01,1.61,2.34,1.49,0.12,965.9,2372
,0.47,0.34,0.25,3.1,1.65,2.31,0.01,229.1,195
,0.58,0.39,0.54,0.88,4.47,1.42,0.04,100.1,98
,0.14,0.28,0.52,3.91,2.59,4.16,0.01,392.3,246
,1.28,0.82,0.51,3.6,2.28,4.88,0.09,56.4,35
,0.01,1.35,0.55,4.39,4.31,1.15,0.03,11344.4,5906
,0.99,0.47,0.23,1.55,4.91,1.11,0.03,81.6,76
,0.18,0.15,0.5,2.51,1.17,0.49,0.02,132.2,169
,1.22,0.17,0.51,4.76,1.71,0.36,0.02,120.8,92
,0.29,0.94,0.18,3.28,4.65,3.73,0.1,177.8,146
,1.27,0.11,0.66,4.85,1.58,2.97,0.13,175.1,212
,0.54,1.35,0.1,4.89,1.37,3.29,0.06,398.6,234
,1,1.09,0.04,2.72,2.22,1.35,0,549.8,459
,1,0.33,0.28,4.83,1.5,4.85,0.1,98.5,84
,0.09,1.11,0.43,2.32,3.13,0.47,0.07,447.3,708
,0.21,0.28,0.43,1.12,2.1,1.77,0.1,55.1,108
,0.96,0.71,0.32,1.43,1.44,1.19,0.06,25.7,63
,0.2,0.79,0.64,1.25,4.12,1.08,0.06,146,220
,0.02,0.19,0.26,0.65,2.18,3.47,0.07,748.1,1166
,0.02,0.73,0.32,3.92,4.97,4.78,0.08,3186.6,1801
,0.91,1.32,0.61,1.89,2.76,0.71,0.06,44.9,53
,0.5,1.3,0.01,0.88,0.58,1.36,0.02,222.5,1231
,0.77,0.13,0.35,4.42,1.39,1.21,0.07,88.6,114
,0.16,1.29,0.44,0.03,1.05,0.73,0.09,1317.9,2390
,0.19,0.67,0.13,2.9,2.38,2.36,0.01,176.2,142
,0.06,0.55,0.62,3.96,3.29,3.57,0.08,943.7,543
,0.97,1.13,0.5,4.76,1.52,1.49,0.09,58.3,47
,0.68,0.77,0.18,1.16,3.44,2.27,0.06,75.5,64
,1.28,0.71,0.06,3.51,2.57,3.97,0.03,261.9,362
,0.78,0.13,0.64,0.68,1.7,0.32,0,211.9,286
,0.69,0.43,0.33,4.63,3.03,3.44,0.02,132,87
,1.06,1.09,0.41,0.53,5,1.7,0.01,257.2,135
,1.13,0.31,0.41,1.69,1.97,3.05,0.07,39.5,48
,0.91,0.21,0.35,0.59,0.16,1.11,0.02,195.8,455
,0.99,0.15,0.16,0.47,3.76,0.49,0.01,174.9,195
,0.22,0.77,0.27,2.56,0.33,2.42,0.13,259.6,250
,0.79,0.34,0.09,3.77,0.46,0.8,0.02,155.5,197
,0.96,1.19,0.48,4.75,3.71,1.26,0.03,82,64
,0.07,0.83,0.1,2.7,4.63,4.67,0.07,961.4,497
,1.18,1.23,0.08,4.13,1.41,0.37,0.13,243.5,366
,0.99,0.2,0.14,3.12,3.44,4.49,0.03,188.9,184
,1.14,0.99,0.47,3.02,4.35,1.38,0.1,42.1,46
,1.34,1.21,0.03,1.96,1.15,1.36,0.13,482.5,431
,1.34,0.85,0.56,2.76,2.19,3.99,0.07,44,39
,1.2,0.45,0.54,3.44,3.36,3.02,0.1,41.2,45
,0.08,0.28,0.57,2.28,1.48,0.26,0,465.8,604
,0.25,0.74,0.07,4.49,1.89,3.19,0.12,356,375
,1.08,0.63,0.05,0.72,0.12,2.83,0.08,602.3,632
,1.24,0.13,0.41,2.24,0.61,0.42,0.12,72.8,109
,0.65,1.25,0.07,4.64,4.76,2.6,0.1,761.8,454
,0.4,0.02,0,1.73,1.23,1.33,0.06,3764.6,15495
,0.33,0.09,0.36,4.59,4.95,4.07,0.06,237.1,140
,0.12,0.49,0.32,3.8,0.39,2.61,0.06,256.8,373
,0.7,0.95,0.65,4.2,4.84,0.7,0.03,100.4,76
,0.31,0.48,0.46,2.48,0.53,2.12,0.01,141.5,159
,0.02,0.92,0.22,4.7,1.57,4.82,0.06,3960.5,2075
,0.63,1.11,0.12,4.28,2.59,2.26,0.05,163.8,210
,0.76,0.65,0.26,4.55,2.25,0.53,0.13,104.5,69
,0.95,0.33,0.31,4.27,3.37,4.43,0.07,88.9,91
,0.84,1.1,0.21,0.16,3.57,0.3,0.02,473.1,480
,0.4,0.78,0.46,2.13,4.33,4.18,0.03,83.5,74
,1.13,1.2,0.5,3.06,3.59,1.02,0.12,47.4,48
,0.85,0.46,0.59,2.95,2.16,1.9,0.07,28.4,50
,1.3,0.98,0.51,0.34,4.44,2.91,0.13,388.5,203
,0.62,1.27,0.48,4.64,3.99,4.83,0.06,172.2,77
,0.41,0.17,0.64,0.83,4.14,1.49,0.07,102.4,115
,0.06,0.77,0.02,4.48,0.14,1.59,0.02,1053.9,1201
,1.33,1.1,0.09,3.12,1.29,3.53,0.05,206.9,219
,0.58,0.38,0.6,4.68,0.66,0.8,0.06,94.2,82
,1.33,0.47,0.39,4.92,0.78,4.04,0,2208.7,1111
,1.3,0.01,0.4,4.82,0.89,3.58,0.05,686.9,861
,1.04,0.98,0.67,2.84,3.69,0.9,0.05,47.3,58
,0.73,1.23,0.24,2.83,0.76,1.27,0.04,78.2,113
,1.07,0.54,0.11,3.08,0.04,1.65,0.02,2141.2,1953
,0.25,0.74,0.65,0.03,4.76,2.23,0.01,4290.8,2707
,1.06,0.01,0.45,2.31,3.22,4.96,0.05,2115.4,2231
,1.26,0.7,0.05,1.96,1.22,1.46,0.07,139.6,253
,0.87,0.53,0.08,3.85,3.25,4.82,0.04,276.2,284
,0.21,0.45,0.21,1.16,0.09,1.04,0.09,279.7,653
,0.47,0.31,0.24,4.62,3.41,4.91,0.13,160.8,94
,1.25,1.11,0.38,3.52,3.49,0.87,0.07,55.7,50
,0.85,1.16,0.05,4.81,2.44,1.32,0.12,444.2,514
,0.66,0.28,0.16,1.29,4.44,4.02,0.08,81.2,54
,0.21,1.15,0.32,0.21,0.89,4.07,0,778.6,742
,0.91,0.52,0.56,3.7,4.91,2.4,0.05,58.1,44
,0.15,0.45,0.65,0.41,4.05,2.41,0.02,250,201
,1,0.33,0.2,3.76,3.62,2.55,0.07,70.8,98
,1.29,0.72,0.5,4.54,1.09,3.32,0.11,120.4,68
,1.22,0.29,0.31,1.28,0.27,0.98,0.04,134,230
,0.88,0.13,0.08,2.04,3.18,0.94,0.12,190.4,179
,0.7,0.94,0.04,2.72,4.93,1.71,0.01,604.6,394
,1.06,1.19,0.37,3.6,2.19,2.04,0.11,41.9,75
,0.49,1.01,0.05,0.95,0.6,3.92,0.04,143.3,219
,0.07,0.55,0.14,2.3,3.08,3.64,0.13,687.2,504
,0.61,0.05,0.05,1.49,0.24,1.18,0.01,160.1,227
,1.34,0.13,0.63,4.61,4,1.22,0,2294.5,1071
,0.33,0.84,0.25,1.6,4.92,2.42,0.08,133.4,99
,0.19,1.32,0.41,4.81,4.75,0.52,0.12,389.7,307
,0.42,0.6,0.59,2.14,3.8,1.38,0.12,51.9,78
,0.02,0.9,0.45,2.18,0.05,1,0.08,1189,1448
,0.84,0.15,0.22,4.82,4.58,1.99,0.06,139.7,101
,0.66,1.32,0.37,1.77,2.48,3.41,0.06,68.3,64
,0.56,1.08,0.08,2.24,0.82,3.97,0.03,134.4,175
,0.57,0.42,0.32,1.08,0.76,2.56,0.06,62.6,88
,0.07,0.77,0.64,2.79,1.91,0.23,0.12,491.8,537
,1.08,1.02,0.43,1.52,1.37,1.62,0.1,34.3,51
,0.87,0.78,0.38,3.43,0.87,0.09,0.13,490.7,457
,0.37,0.83,0.06,4.57,2.99,3.66,0.11,508.4,304
,0.06,0.48,0.41,1.37,0.47,3.6,0.05,263.8,440
,0.02,0.81,0.39,4.34,3.49,1.11,0.08,2920.9,1819
,0.47,0.51,0.49,2.92,1.07,1.24,0.03,50.8,76
,0.24,1.02,0.56,3.56,3.16,4.04,0.01,380.3,197
,0.7,1.27,0.42,0.86,3.97,3.44,0.09,124.3,77
,0.24,0.79,0.5,4.95,2.31,3.76,0.13,242.2,191
,0.8,0.05,0.02,3.51,3.09,4.66,0.13,1357.3,1113
,0.19,0.32,0.34,4.88,0.84,1.56,0.08,189.2,177
,0.29,0.32,0.04,2.34,0.39,4.75,0.11,453.6,455
,0.42,0.98,0.36,4.6,4.43,3.28,0.04,167.7,99
,0.76,0.05,0.47,2.71,4.63,2.05,0.1,318.8,255
,0.65,0.68,0.27,3.3,4.71,3.35,0.03,118,82
,0.48,0.37,0.14,2.25,4.8,4.34,0.09,147.5,95
,0.91,1.14,0.3,1.36,3.89,1.52,0.06,57.1,71
,0.36,0.27,0.42,3.8,3.36,2.98,0.13,144,85
,0.77,1.29,0.26,1.13,1.37,0.64,0.11,40.6,78
,0.77,0.49,0.38,3.89,1.8,3.46,0.11,76.3,65
,1.23,0.61,0.25,4.96,1.84,3.87,0.03,89.6,100
,0.36,0.02,0.63,2.51,2.35,1.14,0.03,549.6,858
,0.59,0.71,0.55,4.74,4.34,1.56,0.09,116.9,61
,1.22,1.3,0.53,3.39,0.41,4.8,0.11,336.3,169
,0.99,0.34,0.06,2.78,1.63,3.41,0.06,282.2,289
,0.24,1.24,0.22,2.79,2.55,4.51,0.13,271,161
,0.58,0.51,0.43,2.95,1.3,4.1,0.05,84.1,67
,1.1,0.37,0.24,4.96,1.46,1.66,0.05,102.1,93
,0.96,0.17,0.66,1.21,0.02,1.92,0.04,3161,3179
,0.12,0.97,0.46,1.37,0.95,0.43,0.05,143.9,293
,0.61,0.6,0.5,3.95,3.98,1.04,0.06,62.7,84
,0.34,0.19,0.5,1.54,1.97,3.93,0.08,62.6,79
,0.75,0.09,0.34,2.25,3.9,0.1,0.11,553.3,447
,0.11,1.33,0.56,2.31,4.91,3.43,0.02,639.7,413
,1.18,0.66,0.42,4.46,3.83,1.73,0.1,54.7,77
,0.08,1.28,0.07,1.82,3.95,4.93,0.08,685.9,451
,0.29,0.16,0.53,2.17,4.88,4.4,0.09,178.3,109
,0.33,1.31,0.26,4.54,1.49,4.84,0.08,290.9,153
,0.98,0.67,0.04,3.47,4.66,1.71,0.07,703.8,663
,1.12,0.9,0.57,0.87,3.38,2.36,0.13,113.2,87
,1.26,0.02,0.47,0.34,4.28,3.23,0.09,827.4,745
,0.49,1.22,0.05,4.91,2.51,3.84,0.03,884.5,457
,0.87,0.7,0.57,1.25,3.24,2.82,0.13,69.3,60
,0.85,1.21,0.28,4.1,0.39,0.04,0.05,769.2,751
,1.19,0.14,0.03,1.37,0.5,4.41,0.07,347.5,420
,0.47,0.73,0.25,1.09,0.87,1.88,0.06,39.7,69
,0.93,0.05,0.67,4.08,3.76,3.48,0.07,457.3,312
,1.29,0.85,0.48,3.25,0.57,2.3,0.01,171.3,144
,0.96,0.28,0.38,2.59,3.58,2.86,0.13,35.8,66
,1.23,0.98,0.37,2,4.4,4,0.12,67.2,47
,1.1,1.19,0.5,1.86,1.03,4.82,0.07,105.1,77
,0.67,1.1,0.65,3.29,0.45,1.96,0.11,230.8,166
,1.28,1.11,0.45,4.7,1.93,4,0.05,67,50
,1,1.02,0.46,0.29,4.24,4.08,0.04,456.8,272
,0.62,0.32,0.27,3.89,3.54,0.06,0.09,987.9,796
,0.1,0.43,0.21,2.94,4.13,4.71,0.12,442.9,226
,1.27,0.88,0.02,0.56,3.27,1.23,0.12,181.2,545
,0.51,0.04,0.39,1.13,3.36,2.96,0.01,227.5,419
,0.52,0.61,0.43,1.47,0.28,1.23,0.03,136.1,180
,0.34,0.36,0.42,3.19,2.68,4.2,0.02,114.7,92
,0.71,0.21,0.02,0.74,3.42,0.43,0.07,122.3,392
,1.35,0.32,0.42,4.61,2.95,1.96,0.13,62,65
,0.85,0.13,0.08,1.95,2.01,0.3,0.06,129.6,317
,0.36,0.57,0.24,4.36,3.13,1.25,0.05,133.2,96
,0.28,0.2,0.23,0.54,2.7,3.07,0.02,131.8,129
,0.42,0.3,0.02,1.08,2.83,3.99,0.01,600.4,736
,0.05,0.91,0.11,3,4.25,4.09,0.12,1292.3,715
,0.82,0.71,0.23,3.67,2.96,2.12,0.01,145.7,87
,0.86,0,0.19,1.75,3,2.02,0.03,1678.5,4096
,1.16,0.56,0.38,2.39,0.32,1.08,0.11,125.5,230
,0.34,0.25,0.38,1,1.64,3.75,0.06,68.4,74
,1.27,0.99,0.24,3.31,0.11,3.77,0.02,1188.6,580
,0.39,0.53,0.12,4.51,1.13,0.02,0.06,2018.3,1479
,0.68,1.14,0.47,3.93,4.45,3.62,0.04,103.7,64
,0.6,0.26,0.63,0.84,2.73,2.33,0.05,93.7,91
,0.31,0.84,0.43,4.25,4.59,1.54,0.13,129.9,103
,0.06,0.89,0.5,4.38,2.35,0.17,0.01,732.4,924
,0.82,1.34,0.2,2.25,4.19,0.56,0.03,81.1,110
,1.18,0.85,0.64,4.81,2.34,3.65,0.06,62.4,41
,0.02,0.82,0.59,2.59,3.7,1.32,0.12,2539.8,2601
,1.11,0.2,0.03,1.14,3.64,3.07,0.01,378.8,454
,1.34,0.61,0.56,4.68,2.12,4.76,0.04,72.2,40
,1.26,1,0.57,1.44,2.44,0.74,0.03,58.9,72
,0.39,0.55,0.17,0.05,3.96,2.28,0.1,1756.9,1326
,0.93,0.79,0.5,0.5,0.13,4.24,0.09,719.2,525
,0.04,0.52,0.01,3.8,2.73,3.32,0.11,2266.8,1740
,0.51,0.99,0.34,2.89,4.01,2.85,0.05,97.4,64
,0.05,0.08,0.42,3.84,0.01,1.89,0,8759.1,8004
,0.82,0.58,0.05,2.81,0.82,3.36,0.01,370,338
,0.62,0.17,0.06,4.53,1.58,3.31,0.11,598.6,422
,0.25,0.27,0.26,4.56,4.38,0.17,0.06,286,175
,0.86,0.93,0.51,2.06,4.32,4.65,0.09,66.7,41
,0.63,0.27,0.25,2.96,2.93,1.55,0.06,61,92
,0.78,1.23,0.66,0.84,3.18,1.58,0.04,95.3,92
,0.77,0.61,0.54,3.53,4.47,2.6,0.03,73.2,54
,0.72,0.31,0.67,0.28,0.97,0.85,0,864.4,1776
,1.01,0.42,0.47,4.17,3.45,4.56,0.12,64.1,52
,1.22,1.32,0.41,0.63,2.42,1.97,0.02,131.4,114
,0.14,1.26,0.38,4.7,0.36,1.22,0,1345,1099
,0.64,0.92,0.54,4.54,2.09,2.9,0.07,87.8,73
,0.85,0.38,0.64,3.26,3.25,1.63,0.1,28.3,63
,0.27,0.16,0.63,2.45,1.39,1.74,0.05,102.5,134
,0.79,1.02,0.17,4.58,2.97,3.3,0.04,227,139
,0.43,0.22,0.53,3.96,4.38,1.17,0.13,124.5,74
,0.78,1.15,0.66,0.26,1.73,2.77,0.1,273.7,275
,0.36,0.67,0.34,3.67,3.32,3.34,0.04,173.1,103
,1.08,0.21,0.43,1.06,3.25,4.97,0.02,126.9,87
,0.49,1.29,0.36,3.26,0.42,3.54,0.12,271.5,176
,1.25,0.05,0.61,0.25,0.36,2.76,0.13,206.2,307
,1.08,1.06,0.5,4.22,4.49,4.42,0.12,80,49
,1.29,1.06,0.56,4.9,0.72,1.66,0.13,158.9,98
,0.74,0.84,0.23,4.14,2.8,4.43,0.02,162.8,83
,1.12,1.32,0.27,0.52,2.05,3.76,0.11,160.6,125
,0.31,0.24,0.48,2.07,4.2,4.33,0.05,163.7,95
,0.54,0.99,0.57,4.21,1.75,3.05,0.11,80.9,74
,0.15,0.07,0.26,4.31,3.45,3.14,0.05,292.4,174
,0.28,0.36,0.63,4.14,1.32,2.16,0.07,110.5,126
,0.19,1.31,0.39,1.11,0.31,2.89,0.06,227.5,224
,0.25,0.87,0.08,2.94,2.27,2.58,0.05,211.6,237
,0.8,0.62,0.44,2.79,3.22,0.62,0.1,54.1,68
,0.98,0.12,0.29,0.12,0.12,4.71,0.1,710,662
,0.92,0.89,0.18,0.5,1.35,0.72,0.05,78.1,132
,0.85,1.26,0.42,1.69,4.84,2.64,0.08,71.7,55
,0.36,1.32,0.18,2.06,3.8,1.81,0.05,121.5,120
,1.19,0.01,0.31,0.79,4.98,3.51,0.05,1285.7,1622
,1.29,1.21,0.67,0.43,0.18,0.92,0.04,183,229
,0.81,1.04,0.59,0.06,1.74,3.39,0.1,1292,960
,1.06,1.04,0.02,2.49,3.84,0.89,0.04,780.1,857
,0.84,0.03,0.64,2.18,1.13,0.29,0.06,286.2,467
,1.34,1.06,0.04,4.96,3.34,2.97,0.08,848.7,474
,0.66,0.46,0.07,0.42,4.37,1.39,0.08,195.1,150
,0.23,0.06,0.1,1.07,1.11,0.89,0.09,63.1,377
,0.81,1.12,0.39,2.73,2.16,1.38,0.1,43.6,62
,0.27,0.5,0.46,3.9,2.81,4.94,0.03,231,162
,0.08,1.06,0.51,2.62,2.46,0.46,0.13,384.7,504
,0.18,0.13,0.45,1.02,0.63,2.64,0.05,113,168
,1.02,0.07,0.02,3.08,0.98,0.19,0.12,383.9,1092
,1.07,1.21,0.58,2.43,4.03,0.02,0.09,3422.7,2213
,0.35,1.06,0.39,2.95,2.4,3.36,0.07,114.1,112
,0.14,0.83,0.62,0.66,0.25,2.23,0.09,243,285
,0.57,1.13,0.12,0.9,1.69,2.47,0.07,78.6,100
,0.93,1.11,0.3,2.33,1.24,1.31,0.07,35.5,64
,0.96,0.33,0.3,1.18,3.75,0.71,0.13,74.2,93
,1.31,0.79,0.65,1.2,3.4,1.74,0.05,59.4,66
,1.08,0,0.51,1.81,2.77,2.1,0.04,3294.1,6089
,1.1,1.06,0.53,4.17,4.83,1.92,0.07,62.3,40
,0,0.38,0.45,1.33,1.68,3.91,0.07,17673.6,19531
,1.1,1.11,0.42,3.21,3.58,4.99,0.1,48.2,45
,0.79,0.41,0.33,2.07,1.65,2.71,0.09,37.3,58
,0.13,0.55,0.51,0,4.57,3.95,0.13,27146.1,13542
,0.7,0.52,0.07,4.44,1.7,0.73,0.1,288.6,350
,1.27,0.38,0.58,2.03,3.28,4.85,0.08,46.3,36
,0.3,0.99,0.42,2.64,3.7,3.67,0.1,139.6,97
,1.12,0.02,0.16,3.92,0.96,0.41,0.05,530.9,670
,0.55,0.13,0.47,2.92,0.26,4,0.07,367.3,272
,1.29,1.07,0.06,2.8,4.02,2.46,0.02,290.9,314
,1.04,0.28,0.26,0.35,0.47,1.89,0.11,105.3,150
,0.79,0.1,0.22,4.86,1.36,3.58,0.05,186,144
,1.21,1.3,0.28,0.23,1.98,3.49,0.12,408.6,328
,0.56,0.58,0.61,4.22,0.72,1.71,0.09,110.6,121
,0.18,0.13,0.1,4.57,2.07,0.87,0.06,277.5,205
,1.23,0.21,0.61,3.36,4.15,1.35,0.07,37.2,58
,1.3,0.87,0.07,0.33,4.42,3.04,0.07,431.6,220
,0.98,0.82,0.19,4.72,1.88,1.17,0.01,151.5,154
,0.64,0.59,0.65,4.82,4.1,3.08,0.08,79.4,84
,1.24,0.05,0.23,3.47,4.39,4.72,0,1257.1,549
,0.81,1.01,0.28,1.42,1.64,3.17,0.02,62.1,61
,0.5,0.53,0.06,0.99,2.85,1.39,0.12,64.1,168
,0.93,0.52,0.49,4.82,1.51,2.9,0.05,64.8,48
,1.18,0.27,0.08,1.52,0.56,0.56,0.05,54.2,157
,0.59,0.04,0.57,4.06,0.62,3.34,0.02,357.8,416
,1.23,0.6,0.18,0.41,1.15,0.17,0.06,108.8,214
,1.02,0.57,0.04,3.6,2.65,0.71,0.11,414.5,418
,0.25,0.31,0.12,4.9,4.08,0.45,0.11,349.6,263
,1.33,0.14,0.66,3.89,4.69,1.25,0.09,170.5,160
,0.38,0.46,0.46,3.4,2.04,1.22,0.11,83,89
,1.24,0.59,0.17,4.48,2.83,3.2,0.05,138.4,110
,0.73,0.4,0.08,2.9,1.02,1.9,0.08,190,246
,0.26,0.96,0.39,0.03,0.82,1.58,0.08,1642.6,2639
,1.16,0.58,0.55,3.9,2.23,4.03,0.04,47.3,48
,0.38,0.63,0.41,1.72,4.87,1.06,0.05,100.1,122
,0.6,0.09,0.65,0.56,1.45,4.05,0.09,118.9,278
,0.64,1.13,0.56,3.5,3.57,2.23,0.12,105.2,82
,0.99,0.06,0.38,4.55,3.11,1.69,0.05,235.7,210
,1.02,0.48,0.47,4.93,4.87,0.82,0.1,77.2,50
,0.29,1.24,0.03,0.38,2.49,3.61,0.07,245.8,288
,0.67,0.63,0.43,3.15,3.46,2.9,0.08,30.1,60
,1.05,1.2,0.25,1.77,2.41,0.92,0.13,42.1,54
,0.17,0.35,0.25,2.1,2.3,4.46,0.13,193.5,185
,0.08,0.27,0.43,4.96,4.02,0.01,0.07,4712.9,3741
,1.34,1.29,0.41,3.13,3.84,0.16,0.06,305.2,234
,0.34,0.33,0.58,4.48,2.46,1.41,0.08,121.9,103
,0.92,0.35,0.58,3.75,3.22,0.22,0.13,296.7,202
,1.2,0.84,0.3,4.12,1.9,1.48,0.08,38.8,62
,1.03,1.16,0.17,3.06,1.28,2.87,0.1,88.5,84
,0.27,0.71,0.07,3.91,4.61,0.94,0.12,385.1,331
,0.76,0.74,0.2,2.88,0.34,3.25,0.04,300.5,217
,0.1,0.34,0.57,4.66,0.66,1.95,0,1051.2,848
,0.65,1.32,0.22,2.66,3.67,1.79,0.13,80.1,113
,0.69,0.4,0.04,3.9,1.12,3.25,0.1,461.9,628
,0.02,1.2,0.34,4.32,0.75,2.23,0.05,3230.1,2050
,0.67,1.22,0.65,2.4,4.94,1.98,0.06,89.8,56
,0.66,0.58,0.04,0.32,2.99,2.97,0.1,311.1,271
,0.32,0.21,0.66,0.81,2.34,4.91,0.13,110.8,98
,0.93,0.87,0.43,0.62,0.96,4,0.07,88,87
,0.29,0.72,0.54,3.23,3.73,4.26,0,979.9,427
,0.11,0.46,0.53,4.34,3.9,2.85,0.09,696.6,330
,1.12,1,0.37,3.47,0.99,2.53,0.05,73.5,76
,0.97,0.51,0.39,0.85,0.91,3.45,0.12,71.5,83
,0.84,1.05,0.42,3.79,3.74,4.07,0,1001.5,524
,1.32,1.05,0.14,4.92,2.76,2,0.01,276.9,160
,0.43,0.06,0.25,1.26,4.8,3.85,0.1,352.7,396
,0.64,0.1,0.58,2.62,1.7,3.82,0.06,62.5,251
,0.69,0.05,0.67,3.05,3.06,0.91,0.02,378.7,380
,0.59,1.3,0.08,3.51,4.85,3.6,0.12,333.1,223
,0.27,0.38,0.49,1.51,4.54,1.02,0.04,80.7,84
,1.15,1.04,0.6,2.54,4.14,3.22,0.05,45.6,38
,0,0.93,0.64,4.29,2.03,2.56,0.08,394382.3,291934
,0.99,0.63,0.23,4.96,0.36,0.06,0.05,690.3,510
,1.15,1.31,0.1,2.85,2.03,4.77,0.11,136.9,151
,0.4,0.09,0.13,2.75,4.77,2.34,0.05,244.5,270
,0.51,0.77,0.2,4.76,2.24,4.47,0.06,189.4,137
,1.28,0.62,0.44,3.99,2.62,2.97,0.1,39.5,47
,0.53,1.15,0.1,3.75,3.42,1.67,0.13,349.2,184
,0.68,0.22,0.42,1.54,2.54,3.48,0.02,85.1,77
,1.31,1.16,0.63,0.24,3.92,2.12,0.01,447.7,286
,1.19,0.73,0.56,1.08,4.38,4.42,0,40061.3,21417
,0.4,1.22,0.62,3.62,3.34,0.66,0.1,113.2,114
,0.5,1.18,0.01,4.53,2.72,1.52,0.07,2931.6,1912
,1.3,0.01,0.18,1.87,3.64,5,0.13,2507.7,2288
,0.52,0.8,0.04,3.18,2.19,3.42,0.05,562.8,437
,0.72,0.55,0.4,2.92,1.06,1.03,0.12,42.5,55
,0.61,0.82,0.41,3,3.23,0.31,0.06,120.4,111
,0.15,1.34,0.24,4.12,3.7,1.11,0.12,508.8,262
,0.12,1.18,0.45,4.79,1.15,1.38,0.08,436.4,414
,0.24,1.07,0.35,4.88,0.84,4.44,0.13,226.1,160
,0.6,0.53,0.49,0.84,2.8,1.01,0.1,59.8,86
,1.34,0.02,0.56,0.18,2.48,1.29,0.11,544.5,921
,0.2,0.58,0.67,3.27,3.7,3.21,0.09,344.6,252
,0.29,1.17,0.67,0.2,3.59,3.8,0.03,523.7,338
,0.24,1.34,0.15,4.24,3.93,0.92,0.13,262.3,200
,1,0.65,0.21,3.01,4.9,0.58,0.12,106.7,97
,0.51,1.01,0.46,2.65,3.99,1.67,0.09,80.1,67
,0.03,0.04,0.02,0.76,0.71,1.69,0.01,222,508
,0.43,1.21,0.56,4.66,0.35,2.47,0.11,310.9,244
,1.08,0.99,0.19,4.35,0.65,0.56,0.01,210.5,177
,0.96,0.52,0.67,0.53,0.78,0.4,0,151.4,302
,0.06,0.02,0.44,1.86,2.85,4.93,0.1,1370.1,814
,1.1,0.72,0.59,0.61,2.42,3.4,0.13,138.8,105
,0.5,0.84,0.39,1.73,4.58,3.12,0.1,72.8,65
,1.15,0.19,0.4,2.32,0.98,4.96,0.03,109.9,146
,0.41,0.18,0.56,0.86,4.29,3.5,0.13,121.1,93
,0.69,0.37,0.08,2.93,2.8,1.06,0.03,121.6,169
,0.56,1.21,0.4,0.53,4.9,0.66,0.05,203.8,147
,0.01,0.11,0.45,0.56,2.53,4.15,0.01,1492.9,1381
,0.33,0.27,0.18,2.77,4.84,0.21,0.07,276,187
,0.89,1.31,0.18,1.87,2.71,1.13,0.05,45.3,73
,0.4,1.13,0.2,4.3,3.61,1.75,0.04,159.5,97
,1.01,1.26,0.66,2.54,3.81,3.52,0.06,51.9,34
,0.67,1.08,0.11,4.76,4.59,4.84,0.06,618.7,202
,0.12,0.24,0.17,4.56,4.16,1.23,0.02,351.1,250
,0.07,1.18,0.36,4.41,4.64,4.96,0.03,1558.3,710
,0.33,0.89,0.27,3.03,3.86,2.25,0.04,149.3,149
,0.97,0.76,0.15,3.46,1.44,1.05,0.02,102.5,150
,0.88,0.81,0.6,2.14,1.62,1.83,0.05,31.4,42
,0.35,1.2,0.43,2.92,1.83,2.05,0.09,105.5,125
,0.94,0.28,0.52,3.55,1.2,0.96,0.03,48.7,61
,0.59,1.28,0.67,1.22,4.28,4.49,0.02,132.5,76
,0.06,1.21,0.04,1.19,2.71,3,0.1,622.8,466
,0.05,0.14,0.02,2.24,2.24,0.82,0.05,573.5,827
,0.59,0.84,0.66,4.59,2.99,4.75,0.04,95.1,70
,1.22,0.19,0.03,3.43,3.44,1.77,0.01,466,566
,1.19,0.35,0.66,4.48,4.71,0.29,0.05,224.3,129
,0.01,0.88,0.24,1.1,4.99,4.19,0.1,4985.2,2663
,0.26,1.31,0.2,0.96,0.52,1.73,0.03,80.3,130
,0.45,0.96,0.59,2.79,4,0.77,0.1,98.5,139
,1.34,1.09,0.58,0.26,4.52,3.62,0.13,595.8,254
,0.99,1.26,0.51,0.25,4.11,0.97,0.09,396.9,306
,0.79,0.86,0.26,4.86,3.43,3.84,0.1,106.2,88
,1.18,0.1,0.31,3.38,4.63,4.83,0.04,309.5,224
,0.08,0.39,0.67,3.37,4.3,3.57,0.05,855.7,387
,0.67,1.01,0.01,4.47,3.35,3.85,0.12,6105,4433
,0.73,1.01,0.65,3.2,0.92,2.77,0.02,115.3,85
,0.97,1.31,0.21,2.59,1.59,1.65,0.08,56,94
,0.02,1.27,0.54,2.5,2.94,2.79,0.08,2941.9,2514
,0.86,0.22,0.33,0.28,1.76,1.37,0.09,174.8,230
,0.05,0.92,0.59,0.31,0.2,4.68,0.06,460.1,699
,0.05,0.59,0.07,2.96,1.51,4.09,0.11,778,565
,0.78,1.35,0.12,3.16,2.85,3.54,0.09,204.9,166
,0.43,0.9,0.07,0.17,3.4,2.56,0.04,570.2,429
,0.73,0.71,0.17,1.93,3.7,0.86,0.04,73.7,98
,1.3,0.34,0.04,4.34,1.54,0.16,0.07,480.4,374
,0.09,0.62,0.53,4.47,4.42,4.86,0.04,864.5,359
,0.75,0.68,0.19,3.48,1.13,1.91,0.03,74.2,137
,0.16,0.93,0.25,1.43,2.21,2.22,0.12,197.3,278
,0.57,0.97,0.54,4.58,4.48,4.48,0.06,121.7,74
,0.24,1.18,0.55,1.44,4.69,1.58,0.09,150.5,146
,1.14,1.09,0.13,3.61,2.16,3.48,0.06,123.7,123
,0.03,1.34,0.32,4.17,4.2,3.66,0.02,3210,1614
,0.72,1.32,0.16,3.51,4.49,0.72,0.08,184.8,121
,0.1,0.16,0.47,2.2,2.22,3.99,0.06,320.5,265
,1.23,1.2,0.64,4.85,4.85,0.69,0.03,78.7,50
,0.15,1.09,0.48,3.69,2.21,2.93,0.09,400.8,253
,1.04,0.6,0.03,2.76,0.47,1.58,0.1,247.2,455
,0.66,1.07,0.31,0.51,3.85,1.41,0.02,161.4,140
,0.58,0.09,0.18,3.91,1.31,2.51,0.12,122.6,99
,1.02,0.45,0.46,1.58,2.45,4.97,0.13,57.3,44
,1.28,0.52,0.43,1.17,2.89,2.17,0.03,65.7,64
,0.47,0.32,0.26,3.52,4.49,1.72,0.11,100.7,86
,0,0.55,0.06,3.54,4.06,1.15,0.1,16604.1,9832
,1.19,1.17,0.06,4.99,4.09,1.41,0.09,539.8,344
,1.09,0.7,0.26,1.97,1.15,3.38,0.12,67.8,82
,0.04,0.6,0.39,3.86,2.92,4.58,0.07,1141.9,592
,0.48,1.19,0.39,2.72,0.65,1.91,0.06,87.5,95
,0.8,0.72,0.38,1.02,1.06,4.78,0.04,97.3,75
,0.5,0.41,0.09,3.63,4.92,3.82,0.01,440.3,259
,1.13,0.06,0.09,1.62,3.42,2.94,0.12,412.1,349
,0.11,0.62,0.59,4.57,2.42,1.56,0.1,470,310
,0.11,0.02,0.08,1.9,5,2.34,0.13,705.8,784
,1.23,0.63,0.5,2.73,2.26,1.17,0.02,77.8,83
,1.33,0.75,0.2,2.5,0.7,1.46,0.06,89.1,95
,0.35,0.34,0.61,3.07,1.79,1.73,0.13,80.6,89
,0.68,0.48,0.03,2.24,0.09,3.52,0.1,951.4,848
,0.32,0.09,0.42,3.75,1.93,3.16,0.02,163.9,168
,0.02,0.6,0.57,2.56,3.41,0.38,0.05,1915.4,1933
,0.24,0.87,0.36,3.33,1.58,2.1,0.03,153.4,126
,0.86,1.16,0.6,2.93,3.79,3.9,0.12,62.3,46
,0.39,0.42,0.4,4.57,0.1,1.54,0.04,826.2,639
,0.15,0.46,0.2,1.19,2.98,1.96,0.08,127.4,122
,0.28,1,0.55,0.45,1.49,3.85,0.09,163.2,129
,0.01,0.23,0.19,1.43,0.67,1.23,0.08,1801.8,3219
,1.12,0.89,0.03,3.55,3.34,2.7,0.01,383.2,407
,1.16,1.31,0.14,1,0.21,3.95,0.07,427.9,407
,1.25,1.06,0.02,4.9,4.78,3.16,0.04,3702.5,1557
,0.4,0.56,0.45,2.73,3.87,0.17,0.13,338,265
,0.86,0.03,0.08,4.16,3.12,2.78,0,1043.1,714
,0.37,1.1,0.41,4.16,1.66,0.34,0.11,167.9,128
,0.01,0.36,0.37,1.99,1.87,0.03,0.08,1900.2,3689
,1.24,0.44,0.04,0.56,3.22,0.12,0.03,231.6,253
,1.34,1.28,0.4,0.66,3.3,0.13,0.09,353.7,289
,0.25,0.47,0.59,4.97,0.95,2.05,0.08,211.1,186
,0.22,0.22,0.02,3.23,4.88,4.48,0.1,1720.4,814
,0.29,1.29,0.05,1.72,4.07,1.06,0.08,238.6,254
,0.49,0.69,0,2.39,2.62,4.2,0.04,7801.3,4475
,1.27,0.34,0.42,1.43,0.92,2.07,0.05,49.9,86